"","idx","percentile","type","predictions"
"1",100007,0,"Q2_varying_Q3_at_zero",2.21874007202076e-05
"2",100007,0.3703704,"Q2_varying_Q3_at_zero",9.93694844068296e-06
"3",100007,0.7407407,"Q2_varying_Q3_at_zero",1.28730639919314e-05
"4",100007,1.1111111,"Q2_varying_Q3_at_zero",1.51227766196811e-05
"5",100007,1.4814815,"Q2_varying_Q3_at_zero",1.68683355819179e-05
"6",100007,1.8518519,"Q2_varying_Q3_at_zero",1.83808648858074e-05
"7",100007,2.2222222,"Q2_varying_Q3_at_zero",1.97102533534935e-05
"8",100007,2.5925926,"Q2_varying_Q3_at_zero",2.09545184382821e-05
"9",100007,2.962963,"Q2_varying_Q3_at_zero",2.2055064394536e-05
"10",100007,3.3333333,"Q2_varying_Q3_at_zero",2.31654209378488e-05
"11",100007,3.7037037,"Q2_varying_Q3_at_zero",2.41457977812314e-05
"12",100007,4.0740741,"Q2_varying_Q3_at_zero",2.50681325055129e-05
"13",100007,4.4444444,"Q2_varying_Q3_at_zero",2.60203349638434e-05
"14",100007,4.8148148,"Q2_varying_Q3_at_zero",2.69255374946892e-05
"15",100007,5.1851852,"Q2_varying_Q3_at_zero",2.77957449249702e-05
"16",100007,5.5555556,"Q2_varying_Q3_at_zero",2.87011458932742e-05
"17",100007,5.9259259,"Q2_varying_Q3_at_zero",2.94629407582184e-05
"18",100007,6.2962963,"Q2_varying_Q3_at_zero",3.02553007734588e-05
"19",100007,6.6666667,"Q2_varying_Q3_at_zero",3.10794095219034e-05
"20",100007,7.037037,"Q2_varying_Q3_at_zero",3.18493558658639e-05
"21",100007,7.4074074,"Q2_varying_Q3_at_zero",3.25947298252226e-05
"22",100007,7.7777778,"Q2_varying_Q3_at_zero",3.33553082066763e-05
"23",100007,8.1481481,"Q2_varying_Q3_at_zero",3.40606291431565e-05
"24",100007,8.5185185,"Q2_varying_Q3_at_zero",3.47732891946432e-05
"25",100007,8.8888889,"Q2_varying_Q3_at_zero",3.54817854355085e-05
"26",100007,9.2592593,"Q2_varying_Q3_at_zero",3.61925242555741e-05
"27",100007,9.6296296,"Q2_varying_Q3_at_zero",3.68994228162038e-05
"28",100007,10,"Q2_varying_Q3_at_zero",3.75543404094649e-05
"29",100007,10.3703704,"Q2_varying_Q3_at_zero",3.82408830208732e-05
"30",100007,10.7407407,"Q2_varying_Q3_at_zero",3.88879147254301e-05
"31",100007,11.1111111,"Q2_varying_Q3_at_zero",3.9539067768348e-05
"32",100007,11.4814815,"Q2_varying_Q3_at_zero",4.01663665575876e-05
"33",100007,11.8518519,"Q2_varying_Q3_at_zero",4.08206561398392e-05
"34",100007,12.2222222,"Q2_varying_Q3_at_zero",4.14457812576375e-05
"35",100007,12.5925926,"Q2_varying_Q3_at_zero",4.20968447517928e-05
"36",100007,12.962963,"Q2_varying_Q3_at_zero",4.27127332018185e-05
"37",100007,13.3333333,"Q2_varying_Q3_at_zero",4.33638945632001e-05
"38",100007,13.7037037,"Q2_varying_Q3_at_zero",4.40192735665142e-05
"39",100007,14.0740741,"Q2_varying_Q3_at_zero",4.46425824078174e-05
"40",100007,14.4444444,"Q2_varying_Q3_at_zero",4.52531531631097e-05
"41",100007,14.8148148,"Q2_varying_Q3_at_zero",4.5886287787755e-05
"42",100007,15.1851852,"Q2_varying_Q3_at_zero",4.65118901527503e-05
"43",100007,15.5555556,"Q2_varying_Q3_at_zero",4.71850218562126e-05
"44",100007,15.9259259,"Q2_varying_Q3_at_zero",4.78082547560015e-05
"45",100007,16.2962963,"Q2_varying_Q3_at_zero",4.84537128229109e-05
"46",100007,16.6666667,"Q2_varying_Q3_at_zero",4.90773501811732e-05
"47",100007,17.037037,"Q2_varying_Q3_at_zero",4.96758096783162e-05
"48",100007,17.4074074,"Q2_varying_Q3_at_zero",5.02939388582112e-05
"49",100007,17.7777778,"Q2_varying_Q3_at_zero",5.09328078036063e-05
"50",100007,18.1481481,"Q2_varying_Q3_at_zero",5.15419361354208e-05
"51",100007,18.5185185,"Q2_varying_Q3_at_zero",5.21352284160168e-05
"52",100007,18.8888889,"Q2_varying_Q3_at_zero",5.27651850812141e-05
"53",100007,19.2592593,"Q2_varying_Q3_at_zero",5.33779130513755e-05
"54",100007,19.6296296,"Q2_varying_Q3_at_zero",5.40098000241179e-05
"55",100007,20,"Q2_varying_Q3_at_zero",5.46217264475158e-05
"56",100007,20.3703704,"Q2_varying_Q3_at_zero",5.52729751859752e-05
"57",100007,20.7407407,"Q2_varying_Q3_at_zero",5.59024988711466e-05
"58",100007,21.1111111,"Q2_varying_Q3_at_zero",5.648554345158e-05
"59",100007,21.4814815,"Q2_varying_Q3_at_zero",5.71525693306719e-05
"60",100007,21.8518519,"Q2_varying_Q3_at_zero",5.77710016186982e-05
"61",100007,22.2222222,"Q2_varying_Q3_at_zero",5.8335799922444e-05
"62",100007,22.5925926,"Q2_varying_Q3_at_zero",5.89889473143153e-05
"63",100007,22.962963,"Q2_varying_Q3_at_zero",5.95860122411031e-05
"64",100007,23.3333333,"Q2_varying_Q3_at_zero",6.01734217763559e-05
"65",100007,23.7037037,"Q2_varying_Q3_at_zero",6.08096062856426e-05
"66",100007,24.0740741,"Q2_varying_Q3_at_zero",6.13955603085891e-05
"67",100007,24.4444444,"Q2_varying_Q3_at_zero",6.20597413802066e-05
"68",100007,24.8148148,"Q2_varying_Q3_at_zero",6.26567184144869e-05
"69",100007,25.1851852,"Q2_varying_Q3_at_zero",6.32691068450393e-05
"70",100007,25.5555556,"Q2_varying_Q3_at_zero",6.39127269616237e-05
"71",100007,25.9259259,"Q2_varying_Q3_at_zero",6.45427795390178e-05
"72",100007,26.2962963,"Q2_varying_Q3_at_zero",6.52054957164851e-05
"73",100007,26.6666667,"Q2_varying_Q3_at_zero",6.58322892309243e-05
"74",100007,27.037037,"Q2_varying_Q3_at_zero",6.64853857902046e-05
"75",100007,27.4074074,"Q2_varying_Q3_at_zero",6.70988747431341e-05
"76",100007,27.7777778,"Q2_varying_Q3_at_zero",6.77629296828854e-05
"77",100007,28.1481481,"Q2_varying_Q3_at_zero",6.84810121690839e-05
"78",100007,28.5185185,"Q2_varying_Q3_at_zero",6.90887876544626e-05
"79",100007,28.8888889,"Q2_varying_Q3_at_zero",6.97110213073338e-05
"80",100007,29.2592593,"Q2_varying_Q3_at_zero",7.04069770810398e-05
"81",100007,29.6296296,"Q2_varying_Q3_at_zero",7.10011583799901e-05
"82",100007,30,"Q2_varying_Q3_at_zero",7.17319481588289e-05
"83",100007,30.3703704,"Q2_varying_Q3_at_zero",7.2356338627756e-05
"84",100007,30.7407407,"Q2_varying_Q3_at_zero",7.30600105415392e-05
"85",100007,31.1111111,"Q2_varying_Q3_at_zero",7.3782051080263e-05
"86",100007,31.4814815,"Q2_varying_Q3_at_zero",7.44550553827039e-05
"87",100007,31.8518519,"Q2_varying_Q3_at_zero",7.51120285675106e-05
"88",100007,32.2222222,"Q2_varying_Q3_at_zero",7.57083894614892e-05
"89",100007,32.5925926,"Q2_varying_Q3_at_zero",7.64291806100842e-05
"90",100007,32.962963,"Q2_varying_Q3_at_zero",7.70936145537122e-05
"91",100007,33.3333333,"Q2_varying_Q3_at_zero",7.77735263121606e-05
"92",100007,33.7037037,"Q2_varying_Q3_at_zero",7.83913648765153e-05
"93",100007,34.0740741,"Q2_varying_Q3_at_zero",7.9182187944165e-05
"94",100007,34.4444444,"Q2_varying_Q3_at_zero",7.98302288942465e-05
"95",100007,34.8148148,"Q2_varying_Q3_at_zero",8.04924693775635e-05
"96",100007,35.1851852,"Q2_varying_Q3_at_zero",8.12122308679264e-05
"97",100007,35.5555556,"Q2_varying_Q3_at_zero",8.19492454515034e-05
"98",100007,35.9259259,"Q2_varying_Q3_at_zero",8.26119864550552e-05
"99",100007,36.2962963,"Q2_varying_Q3_at_zero",8.32940532249142e-05
"100",100007,36.6666667,"Q2_varying_Q3_at_zero",8.40355058701466e-05
"101",100007,37.037037,"Q2_varying_Q3_at_zero",8.47946501738176e-05
"102",100007,37.4074074,"Q2_varying_Q3_at_zero",8.55721808951039e-05
"103",100007,37.7777778,"Q2_varying_Q3_at_zero",8.63436388041205e-05
"104",100007,38.1481481,"Q2_varying_Q3_at_zero",8.69793300022988e-05
"105",100007,38.5185185,"Q2_varying_Q3_at_zero",8.78113284632018e-05
"106",100007,38.8888889,"Q2_varying_Q3_at_zero",8.84492938574716e-05
"107",100007,39.2592593,"Q2_varying_Q3_at_zero",8.92458948393607e-05
"108",100007,39.6296296,"Q2_varying_Q3_at_zero",8.9986748753394e-05
"109",100007,40,"Q2_varying_Q3_at_zero",9.07249327731434e-05
"110",100007,40.3703704,"Q2_varying_Q3_at_zero",9.15968666902752e-05
"111",100007,40.7407407,"Q2_varying_Q3_at_zero",9.23105608079128e-05
"112",100007,41.1111111,"Q2_varying_Q3_at_zero",9.30391333244656e-05
"113",100007,41.4814815,"Q2_varying_Q3_at_zero",9.37830937530596e-05
"114",100007,41.8518519,"Q2_varying_Q3_at_zero",9.46284143262299e-05
"115",100007,42.2222222,"Q2_varying_Q3_at_zero",9.54503774598233e-05
"116",100007,42.5925926,"Q2_varying_Q3_at_zero",9.61892512808047e-05
"117",100007,42.962963,"Q2_varying_Q3_at_zero",9.69629703751498e-05
"118",100007,43.3333333,"Q2_varying_Q3_at_zero",9.7753347925306e-05
"119",100007,43.7037037,"Q2_varying_Q3_at_zero",9.86018183523907e-05
"120",100007,44.0740741,"Q2_varying_Q3_at_zero",9.94700219321697e-05
"121",100007,44.4444444,"Q2_varying_Q3_at_zero",0.000100258934040505
"122",100007,44.8148148,"Q2_varying_Q3_at_zero",0.000101039154916559
"123",100007,45.1851852,"Q2_varying_Q3_at_zero",0.000101887576423246
"124",100007,45.5555556,"Q2_varying_Q3_at_zero",0.000102834912189747
"125",100007,45.9259259,"Q2_varying_Q3_at_zero",0.000103642365737377
"126",100007,46.2962963,"Q2_varying_Q3_at_zero",0.000104466784150323
"127",100007,46.6666667,"Q2_varying_Q3_at_zero",0.000105479306333922
"128",100007,47.037037,"Q2_varying_Q3_at_zero",0.000106168886208913
"129",100007,47.4074074,"Q2_varying_Q3_at_zero",0.000107225932005346
"130",100007,47.7777778,"Q2_varying_Q3_at_zero",0.000107946253759894
"131",100007,48.1481481,"Q2_varying_Q3_at_zero",0.000108864874262836
"132",100007,48.5185185,"Q2_varying_Q3_at_zero",0.000109804435716089
"133",100007,48.8888889,"Q2_varying_Q3_at_zero",0.000110571688608973
"134",100007,49.2592593,"Q2_varying_Q3_at_zero",0.000111550949987554
"135",100007,49.6296296,"Q2_varying_Q3_at_zero",0.000112553456693644
"136",100007,50,"Q2_varying_Q3_at_zero",0.000113372807271717
"137",100007,50.3703704,"Q2_varying_Q3_at_zero",0.000114313660986351
"138",100007,50.7407407,"Q2_varying_Q3_at_zero",0.000115383608636683
"139",100007,51.1111111,"Q2_varying_Q3_at_zero",0.000116369499238897
"140",100007,51.4814815,"Q2_varying_Q3_at_zero",0.000117264765364112
"141",100007,51.8518519,"Q2_varying_Q3_at_zero",0.000118178456434805
"142",100007,52.2222222,"Q2_varying_Q3_at_zero",0.000119111195242194
"143",100007,52.5925926,"Q2_varying_Q3_at_zero",0.000120113043726438
"144",100007,52.962963,"Q2_varying_Q3_at_zero",0.000121159527907292
"145",100007,53.3333333,"Q2_varying_Q3_at_zero",0.000122198137049069
"146",100007,53.7037037,"Q2_varying_Q3_at_zero",0.000123303605255902
"147",100007,54.0740741,"Q2_varying_Q3_at_zero",0.000124347812093491
"148",100007,54.4444444,"Q2_varying_Q3_at_zero",0.000125415705318929
"149",100007,54.8148148,"Q2_varying_Q3_at_zero",0.000126342696721395
"150",100007,55.1851852,"Q2_varying_Q3_at_zero",0.000127344197621416
"151",100007,55.5555556,"Q2_varying_Q3_at_zero",0.000128481925518721
"152",100007,55.9259259,"Q2_varying_Q3_at_zero",0.000129646901516979
"153",100007,56.2962963,"Q2_varying_Q3_at_zero",0.000130840199702413
"154",100007,56.6666667,"Q2_varying_Q3_at_zero",0.000132062953625606
"155",100007,57.037037,"Q2_varying_Q3_at_zero",0.000133031373584859
"156",100007,57.4074074,"Q2_varying_Q3_at_zero",0.000133954951641916
"157",100007,57.7777778,"Q2_varying_Q3_at_zero",0.000135256733991106
"158",100007,58.1481481,"Q2_varying_Q3_at_zero",0.000136558654104283
"159",100007,58.5185185,"Q2_varying_Q3_at_zero",0.000137410819216556
"160",100007,58.8888889,"Q2_varying_Q3_at_zero",0.000138662967406154
"161",100007,59.2592593,"Q2_varying_Q3_at_zero",0.000139729744421495
"162",100007,59.6296296,"Q2_varying_Q3_at_zero",0.000140818476144926
"163",100007,60,"Q2_varying_Q3_at_zero",0.000142305557880044
"164",100007,60.3703704,"Q2_varying_Q3_at_zero",0.000143474138112308
"165",100007,60.7407407,"Q2_varying_Q3_at_zero",0.000144615939510243
"166",100007,61.1111111,"Q2_varying_Q3_at_zero",0.000146212297639059
"167",100007,61.4814815,"Q2_varying_Q3_at_zero",0.000147028111263432
"168",100007,61.8518519,"Q2_varying_Q3_at_zero",0.000148696436757596
"169",100007,62.2222222,"Q2_varying_Q3_at_zero",0.000149836804582165
"170",100007,62.5925926,"Q2_varying_Q3_at_zero",0.000151295254361506
"171",100007,62.962963,"Q2_varying_Q3_at_zero",0.000152640392936427
"172",100007,63.3333333,"Q2_varying_Q3_at_zero",0.000154017587980376
"173",100007,63.7037037,"Q2_varying_Q3_at_zero",0.000155428096787878
"174",100007,64.0740741,"Q2_varying_Q3_at_zero",0.000156873245906624
"175",100007,64.4444444,"Q2_varying_Q3_at_zero",0.000158354436084424
"176",100007,64.8148148,"Q2_varying_Q3_at_zero",0.000159873147652962
"177",100007,65.1851852,"Q2_varying_Q3_at_zero",0.00016090723676906
"178",100007,65.5555556,"Q2_varying_Q3_at_zero",0.000163029489943743
"179",100007,65.9259259,"Q2_varying_Q3_at_zero",0.000164118684751771
"180",100007,66.2962963,"Q2_varying_Q3_at_zero",0.000165701305144179
"181",100007,66.6666667,"Q2_varying_Q3_at_zero",0.000167505168511568
"182",100007,67.037037,"Q2_varying_Q3_at_zero",0.00016867560335894
"183",100007,67.4074074,"Q2_varying_Q3_at_zero",0.000170675218128975
"184",100007,67.7777778,"Q2_varying_Q3_at_zero",0.000172320727544447
"185",100007,68.1481481,"Q2_varying_Q3_at_zero",0.000173582703644521
"186",100007,68.5185185,"Q2_varying_Q3_at_zero",0.000175522242122607
"187",100007,68.8888889,"Q2_varying_Q3_at_zero",0.000177520091994382
"188",100007,69.2592593,"Q2_varying_Q3_at_zero",0.000178885809409834
"189",100007,69.6296296,"Q2_varying_Q3_at_zero",0.000180279633846579
"190",100007,70,"Q2_varying_Q3_at_zero",0.000182570603667971
"191",100007,70.3703704,"Q2_varying_Q3_at_zero",0.000184639477665002
"192",100007,70.7407407,"Q2_varying_Q3_at_zero",0.00018615569483171
"193",100007,71.1111111,"Q2_varying_Q3_at_zero",0.000187705248010818
"194",100007,71.4814815,"Q2_varying_Q3_at_zero",0.000190094735006796
"195",100007,71.8518519,"Q2_varying_Q3_at_zero",0.000192566281544016
"196",100007,72.2222222,"Q2_varying_Q3_at_zero",0.000194261858473331
"197",100007,72.5925926,"Q2_varying_Q3_at_zero",0.000195997448252559
"198",100007,72.962963,"Q2_varying_Q3_at_zero",0.000197774604664483
"199",100007,73.3333333,"Q2_varying_Q3_at_zero",0.000199964373643434
"200",100007,73.7037037,"Q2_varying_Q3_at_zero",0.000202410327228668
"201",100007,74.0740741,"Q2_varying_Q3_at_zero",0.000204893034538297
"202",100007,74.4444444,"Q2_varying_Q3_at_zero",0.000207344549700379
"203",100007,74.8148148,"Q2_varying_Q3_at_zero",0.000209408929985548
"204",100007,75.1851852,"Q2_varying_Q3_at_zero",0.000211528500944287
"205",100007,75.5555556,"Q2_varying_Q3_at_zero",0.000213705695403952
"206",100007,75.9259259,"Q2_varying_Q3_at_zero",0.000215943097082072
"207",100007,76.2962963,"Q2_varying_Q3_at_zero",0.000218243452746963
"208",100007,76.6666667,"Q2_varying_Q3_at_zero",0.000220609685592267
"209",100007,77.037037,"Q2_varying_Q3_at_zero",0.000223872550704981
"210",100007,77.4074074,"Q2_varying_Q3_at_zero",0.00022669206435904
"211",100007,77.7777778,"Q2_varying_Q3_at_zero",0.000229457167525287
"212",100007,78.1481481,"Q2_varying_Q3_at_zero",0.000232620509018307
"213",100007,78.5185185,"Q2_varying_Q3_at_zero",0.000235663276240504
"214",100007,78.8888889,"Q2_varying_Q3_at_zero",0.000239308053112832
"215",100007,79.2592593,"Q2_varying_Q3_at_zero",0.000242333373639403
"216",100007,79.6296296,"Q2_varying_Q3_at_zero",0.000245461855586928
"217",100007,80,"Q2_varying_Q3_at_zero",0.000248699326172823
"218",100007,80.3703704,"Q2_varying_Q3_at_zero",0.000252052078004893
"219",100007,80.7407407,"Q2_varying_Q3_at_zero",0.000255526917622641
"220",100007,81.1111111,"Q2_varying_Q3_at_zero",0.000259131220342743
"221",100007,81.4814815,"Q2_varying_Q3_at_zero",0.000262872992396271
"222",100007,81.8518519,"Q2_varying_Q3_at_zero",0.000266760941527698
"223",100007,82.2222222,"Q2_varying_Q3_at_zero",0.000270598523357887
"224",100007,82.5925926,"Q2_varying_Q3_at_zero",0.000274537922627859
"225",100007,82.962963,"Q2_varying_Q3_at_zero",0.000278287179444834
"226",100007,83.3333333,"Q2_varying_Q3_at_zero",0.000282320853743467
"227",100007,83.7037037,"Q2_varying_Q3_at_zero",0.000286467739531241
"228",100007,84.0740741,"Q2_varying_Q3_at_zero",0.000291229538412266
"229",100007,84.4444444,"Q2_varying_Q3_at_zero",0.000296343911185344
"230",100007,84.8148148,"Q2_varying_Q3_at_zero",0.000300791687579972
"231",100007,85.1851852,"Q2_varying_Q3_at_zero",0.000305420244078352
"232",100007,85.5555556,"Q2_varying_Q3_at_zero",0.000310241803395227
"233",100007,85.9259259,"Q2_varying_Q3_at_zero",0.000316301391402037
"234",100007,86.2962963,"Q2_varying_Q3_at_zero",0.000322683956121299
"235",100007,86.6666667,"Q2_varying_Q3_at_zero",0.000329418366683499
"236",100007,87.037037,"Q2_varying_Q3_at_zero",0.000336537188394211
"237",100007,87.4074074,"Q2_varying_Q3_at_zero",0.000344077309331946
"238",100007,87.7777778,"Q2_varying_Q3_at_zero",0.000352080701158897
"239",100007,88.1481481,"Q2_varying_Q3_at_zero",0.00035841587589213
"240",100007,88.5185185,"Q2_varying_Q3_at_zero",0.00036597214359409
"241",100007,88.8888889,"Q2_varying_Q3_at_zero",0.000374448858763046
"242",100007,89.2592593,"Q2_varying_Q3_at_zero",0.000383760353604948
"243",100007,89.6296296,"Q2_varying_Q3_at_zero",0.000393445851725394
"244",100007,90,"Q2_varying_Q3_at_zero",0.000401592164968093
"245",100007,90.3703704,"Q2_varying_Q3_at_zero",0.000413108828676586
"246",100007,90.7407407,"Q2_varying_Q3_at_zero",0.00042622293367924
"247",100007,91.1111111,"Q2_varying_Q3_at_zero",0.000440497187424168
"248",100007,91.4814815,"Q2_varying_Q3_at_zero",0.000456107699142087
"249",100007,91.8518519,"Q2_varying_Q3_at_zero",0.000468820276498883
"250",100007,92.2222222,"Q2_varying_Q3_at_zero",0.000484835073155002
"251",100007,92.5925926,"Q2_varying_Q3_at_zero",0.000502523448823052
"252",100007,92.962963,"Q2_varying_Q3_at_zero",0.000522530641374834
"253",100007,93.3333333,"Q2_varying_Q3_at_zero",0.000542766422917123
"254",100007,93.7037037,"Q2_varying_Q3_at_zero",0.000563936564291274
"255",100007,94.0740741,"Q2_varying_Q3_at_zero",0.000594639411310996
"256",100007,94.4444444,"Q2_varying_Q3_at_zero",0.000630192181169359
"257",100007,94.8148148,"Q2_varying_Q3_at_zero",0.000667094317070061
"258",100007,95.1851852,"Q2_varying_Q3_at_zero",0.00070423202033842
"259",100007,95.5555556,"Q2_varying_Q3_at_zero",0.000750921318849389
"260",100007,95.9259259,"Q2_varying_Q3_at_zero",0.000804341386590741
"261",100007,96.2962963,"Q2_varying_Q3_at_zero",0.000860277964263014
"262",100007,96.6666667,"Q2_varying_Q3_at_zero",0.000946370305033148
"263",100007,97.037037,"Q2_varying_Q3_at_zero",0.00102508581785107
"264",100007,97.4074074,"Q2_varying_Q3_at_zero",0.00111738124742953
"265",100007,97.7777778,"Q2_varying_Q3_at_zero",0.00123703772543949
"266",100007,98.1481481,"Q2_varying_Q3_at_zero",0.0013621342159724
"267",100007,98.5185185,"Q2_varying_Q3_at_zero",0.00152170877543561
"268",100007,98.8888889,"Q2_varying_Q3_at_zero",0.0016800974739402
"269",100007,99.2592593,"Q2_varying_Q3_at_zero",0.00193708902079667
"270",100007,99.6296296,"Q2_varying_Q3_at_zero",0.00256296713175815
"271",100007,100,"Q2_varying_Q3_at_zero",0.00256296713175815
"272",100007,0,"Q3_varying_Q2_at_zero",2.21874007202076e-05
"273",100007,0.3703704,"Q3_varying_Q2_at_zero",2.64450621742165e-05
"274",100007,0.7407407,"Q3_varying_Q2_at_zero",3.00935063592725e-05
"275",100007,1.1111111,"Q3_varying_Q2_at_zero",3.30306458599523e-05
"276",100007,1.4814815,"Q3_varying_Q2_at_zero",3.54777347610525e-05
"277",100007,1.8518519,"Q3_varying_Q2_at_zero",3.81914643894651e-05
"278",100007,2.2222222,"Q3_varying_Q2_at_zero",4.02879654940086e-05
"279",100007,2.5925926,"Q3_varying_Q2_at_zero",4.2132814022067e-05
"280",100007,2.962963,"Q3_varying_Q2_at_zero",4.38225884504273e-05
"281",100007,3.3333333,"Q3_varying_Q2_at_zero",4.58544322754283e-05
"282",100007,3.7037037,"Q3_varying_Q2_at_zero",4.75316994364767e-05
"283",100007,4.0740741,"Q3_varying_Q2_at_zero",4.91945137645195e-05
"284",100007,4.4444444,"Q3_varying_Q2_at_zero",5.09795578076664e-05
"285",100007,4.8148148,"Q3_varying_Q2_at_zero",5.23992842009898e-05
"286",100007,5.1851852,"Q3_varying_Q2_at_zero",5.38739211577828e-05
"287",100007,5.5555556,"Q3_varying_Q2_at_zero",5.53417510279182e-05
"288",100007,5.9259259,"Q3_varying_Q2_at_zero",5.69898543757855e-05
"289",100007,6.2962963,"Q3_varying_Q2_at_zero",5.84499280794088e-05
"290",100007,6.6666667,"Q3_varying_Q2_at_zero",5.98546319568694e-05
"291",100007,7.037037,"Q3_varying_Q2_at_zero",6.10970600854159e-05
"292",100007,7.4074074,"Q3_varying_Q2_at_zero",6.26547524794812e-05
"293",100007,7.7777778,"Q3_varying_Q2_at_zero",6.40434370469149e-05
"294",100007,8.1481481,"Q3_varying_Q2_at_zero",6.53412191745858e-05
"295",100007,8.5185185,"Q3_varying_Q2_at_zero",6.67246594778919e-05
"296",100007,8.8888889,"Q3_varying_Q2_at_zero",6.79618884748499e-05
"297",100007,9.2592593,"Q3_varying_Q2_at_zero",6.92425746348619e-05
"298",100007,9.6296296,"Q3_varying_Q2_at_zero",7.05984559793943e-05
"299",100007,10,"Q3_varying_Q2_at_zero",7.20642256762408e-05
"300",100007,10.3703704,"Q3_varying_Q2_at_zero",7.34018037160766e-05
"301",100007,10.7407407,"Q3_varying_Q2_at_zero",7.46733182245012e-05
"302",100007,11.1111111,"Q3_varying_Q2_at_zero",7.58246522440816e-05
"303",100007,11.4814815,"Q3_varying_Q2_at_zero",7.71475989646292e-05
"304",100007,11.8518519,"Q3_varying_Q2_at_zero",7.83926352510661e-05
"305",100007,12.2222222,"Q3_varying_Q2_at_zero",7.94971918706928e-05
"306",100007,12.5925926,"Q3_varying_Q2_at_zero",8.07534422273947e-05
"307",100007,12.962963,"Q3_varying_Q2_at_zero",8.18711585741265e-05
"308",100007,13.3333333,"Q3_varying_Q2_at_zero",8.32478925043511e-05
"309",100007,13.7037037,"Q3_varying_Q2_at_zero",8.44597843772568e-05
"310",100007,14.0740741,"Q3_varying_Q2_at_zero",8.55627378521284e-05
"311",100007,14.4444444,"Q3_varying_Q2_at_zero",8.66396998666262e-05
"312",100007,14.8148148,"Q3_varying_Q2_at_zero",8.78795255397453e-05
"313",100007,15.1851852,"Q3_varying_Q2_at_zero",8.90963137605986e-05
"314",100007,15.5555556,"Q3_varying_Q2_at_zero",9.03842108200808e-05
"315",100007,15.9259259,"Q3_varying_Q2_at_zero",9.15216916579662e-05
"316",100007,16.2962963,"Q3_varying_Q2_at_zero",9.26275064273526e-05
"317",100007,16.6666667,"Q3_varying_Q2_at_zero",9.3880721860567e-05
"318",100007,17.037037,"Q3_varying_Q2_at_zero",9.50570950742365e-05
"319",100007,17.4074074,"Q3_varying_Q2_at_zero",9.62666312291995e-05
"320",100007,17.7777778,"Q3_varying_Q2_at_zero",9.74595812809777e-05
"321",100007,18.1481481,"Q3_varying_Q2_at_zero",9.86397808337758e-05
"322",100007,18.5185185,"Q3_varying_Q2_at_zero",9.98320566260337e-05
"323",100007,18.8888889,"Q3_varying_Q2_at_zero",0.000100963534876684
"324",100007,19.2592593,"Q3_varying_Q2_at_zero",0.000102043935036575
"325",100007,19.6296296,"Q3_varying_Q2_at_zero",0.0001031993089417
"326",100007,20,"Q3_varying_Q2_at_zero",0.000104386224697778
"327",100007,20.3703704,"Q3_varying_Q2_at_zero",0.000105660097880345
"328",100007,20.7407407,"Q3_varying_Q2_at_zero",0.000106789277895763
"329",100007,21.1111111,"Q3_varying_Q2_at_zero",0.000107944532821757
"330",100007,21.4814815,"Q3_varying_Q2_at_zero",0.000109045780935879
"331",100007,21.8518519,"Q3_varying_Q2_at_zero",0.000110221538126905
"332",100007,22.2222222,"Q3_varying_Q2_at_zero",0.000111489881581486
"333",100007,22.5925926,"Q3_varying_Q2_at_zero",0.00011260276396925
"334",100007,22.962963,"Q3_varying_Q2_at_zero",0.000113646651780232
"335",100007,23.3333333,"Q3_varying_Q2_at_zero",0.000114790801564784
"336",100007,23.7037037,"Q3_varying_Q2_at_zero",0.000115892063808328
"337",100007,24.0740741,"Q3_varying_Q2_at_zero",0.000116949611744034
"338",100007,24.4444444,"Q3_varying_Q2_at_zero",0.00011811135066977
"339",100007,24.8148148,"Q3_varying_Q2_at_zero",0.000119252041717416
"340",100007,25.1851852,"Q3_varying_Q2_at_zero",0.000120358463188562
"341",100007,25.5555556,"Q3_varying_Q2_at_zero",0.000121631978672431
"342",100007,25.9259259,"Q3_varying_Q2_at_zero",0.000122822082514104
"343",100007,26.2962963,"Q3_varying_Q2_at_zero",0.000123978955589443
"344",100007,26.6666667,"Q3_varying_Q2_at_zero",0.000125138715745914
"345",100007,27.037037,"Q3_varying_Q2_at_zero",0.000126343594026119
"346",100007,27.4074074,"Q3_varying_Q2_at_zero",0.000127650264390836
"347",100007,27.7777778,"Q3_varying_Q2_at_zero",0.000128799105130128
"348",100007,28.1481481,"Q3_varying_Q2_at_zero",0.000129984483577326
"349",100007,28.5185185,"Q3_varying_Q2_at_zero",0.000131195614290592
"350",100007,28.8888889,"Q3_varying_Q2_at_zero",0.000132286427580383
"351",100007,29.2592593,"Q3_varying_Q2_at_zero",0.000133443679064144
"352",100007,29.6296296,"Q3_varying_Q2_at_zero",0.00013460991629291
"353",100007,30,"Q3_varying_Q2_at_zero",0.000135895631911622
"354",100007,30.3703704,"Q3_varying_Q2_at_zero",0.000137175577564509
"355",100007,30.7407407,"Q3_varying_Q2_at_zero",0.00013831699116137
"356",100007,31.1111111,"Q3_varying_Q2_at_zero",0.000139638111508018
"357",100007,31.4814815,"Q3_varying_Q2_at_zero",0.000140798764357949
"358",100007,31.8518519,"Q3_varying_Q2_at_zero",0.000142032389681333
"359",100007,32.2222222,"Q3_varying_Q2_at_zero",0.000143193845242069
"360",100007,32.5925926,"Q3_varying_Q2_at_zero",0.000144502119671572
"361",100007,32.962963,"Q3_varying_Q2_at_zero",0.000145826707031199
"362",100007,33.3333333,"Q3_varying_Q2_at_zero",0.000146928933126913
"363",100007,33.7037037,"Q3_varying_Q2_at_zero",0.000148098873537336
"364",100007,34.0740741,"Q3_varying_Q2_at_zero",0.000149281583124144
"365",100007,34.4444444,"Q3_varying_Q2_at_zero",0.000150488986708732
"366",100007,34.8148148,"Q3_varying_Q2_at_zero",0.000151770912307773
"367",100007,35.1851852,"Q3_varying_Q2_at_zero",0.000153074385044795
"368",100007,35.5555556,"Q3_varying_Q2_at_zero",0.000154263357365133
"369",100007,35.9259259,"Q3_varying_Q2_at_zero",0.000155546959816648
"370",100007,36.2962963,"Q3_varying_Q2_at_zero",0.000156761871615681
"371",100007,36.6666667,"Q3_varying_Q2_at_zero",0.00015812155265481
"372",100007,37.037037,"Q3_varying_Q2_at_zero",0.000159337078634325
"373",100007,37.4074074,"Q3_varying_Q2_at_zero",0.000160677083189561
"374",100007,37.7777778,"Q3_varying_Q2_at_zero",0.000161958969878905
"375",100007,38.1481481,"Q3_varying_Q2_at_zero",0.00016329026111785
"376",100007,38.5185185,"Q3_varying_Q2_at_zero",0.000164620582076843
"377",100007,38.8888889,"Q3_varying_Q2_at_zero",0.000165909077778121
"378",100007,39.2592593,"Q3_varying_Q2_at_zero",0.000167052954670165
"379",100007,39.6296296,"Q3_varying_Q2_at_zero",0.00016833686779783
"380",100007,40,"Q3_varying_Q2_at_zero",0.000169699804213376
"381",100007,40.3703704,"Q3_varying_Q2_at_zero",0.000171024354559089
"382",100007,40.7407407,"Q3_varying_Q2_at_zero",0.000172352917093529
"383",100007,41.1111111,"Q3_varying_Q2_at_zero",0.000173625048365218
"384",100007,41.4814815,"Q3_varying_Q2_at_zero",0.000174879272776829
"385",100007,41.8518519,"Q3_varying_Q2_at_zero",0.000176268181374265
"386",100007,42.2222222,"Q3_varying_Q2_at_zero",0.000177582977825599
"387",100007,42.5925926,"Q3_varying_Q2_at_zero",0.000178905285010203
"388",100007,42.962963,"Q3_varying_Q2_at_zero",0.000180193392350614
"389",100007,43.3333333,"Q3_varying_Q2_at_zero",0.000181588804042868
"390",100007,43.7037037,"Q3_varying_Q2_at_zero",0.000182977089961921
"391",100007,44.0740741,"Q3_varying_Q2_at_zero",0.000184379981158577
"392",100007,44.4444444,"Q3_varying_Q2_at_zero",0.000185688949813309
"393",100007,44.8148148,"Q3_varying_Q2_at_zero",0.000187136803697303
"394",100007,45.1851852,"Q3_varying_Q2_at_zero",0.00018851501774942
"395",100007,45.5555556,"Q3_varying_Q2_at_zero",0.000189784695264794
"396",100007,45.9259259,"Q3_varying_Q2_at_zero",0.000191078412565876
"397",100007,46.2962963,"Q3_varying_Q2_at_zero",0.000192486171499425
"398",100007,46.6666667,"Q3_varying_Q2_at_zero",0.000193890334654395
"399",100007,47.037037,"Q3_varying_Q2_at_zero",0.00019529916399153
"400",100007,47.4074074,"Q3_varying_Q2_at_zero",0.000196864362259603
"401",100007,47.7777778,"Q3_varying_Q2_at_zero",0.00019831567410336
"402",100007,48.1481481,"Q3_varying_Q2_at_zero",0.000199618481404342
"403",100007,48.5185185,"Q3_varying_Q2_at_zero",0.000201058828118805
"404",100007,48.8888889,"Q3_varying_Q2_at_zero",0.00020260909254758
"405",100007,49.2592593,"Q3_varying_Q2_at_zero",0.000203938185973901
"406",100007,49.6296296,"Q3_varying_Q2_at_zero",0.000205467152586241
"407",100007,50,"Q3_varying_Q2_at_zero",0.000206983362257924
"408",100007,50.3703704,"Q3_varying_Q2_at_zero",0.000208474447411529
"409",100007,50.7407407,"Q3_varying_Q2_at_zero",0.000209906313781513
"410",100007,51.1111111,"Q3_varying_Q2_at_zero",0.000211335059113764
"411",100007,51.4814815,"Q3_varying_Q2_at_zero",0.000212692481878035
"412",100007,51.8518519,"Q3_varying_Q2_at_zero",0.000214231308925526
"413",100007,52.2222222,"Q3_varying_Q2_at_zero",0.000215773320656745
"414",100007,52.5925926,"Q3_varying_Q2_at_zero",0.000217369863412695
"415",100007,52.962963,"Q3_varying_Q2_at_zero",0.000218831498243149
"416",100007,53.3333333,"Q3_varying_Q2_at_zero",0.000220285068029637
"417",100007,53.7037037,"Q3_varying_Q2_at_zero",0.000221839752490906
"418",100007,54.0740741,"Q3_varying_Q2_at_zero",0.000223500276647244
"419",100007,54.4444444,"Q3_varying_Q2_at_zero",0.000224922482991569
"420",100007,54.8148148,"Q3_varying_Q2_at_zero",0.000226571242977954
"421",100007,55.1851852,"Q3_varying_Q2_at_zero",0.000228146268651737
"422",100007,55.5555556,"Q3_varying_Q2_at_zero",0.000229761806524379
"423",100007,55.9259259,"Q3_varying_Q2_at_zero",0.00023149652055382
"424",100007,56.2962963,"Q3_varying_Q2_at_zero",0.000233069015826511
"425",100007,56.6666667,"Q3_varying_Q2_at_zero",0.00023477747222096
"426",100007,57.037037,"Q3_varying_Q2_at_zero",0.000236419679952685
"427",100007,57.4074074,"Q3_varying_Q2_at_zero",0.000238145333718248
"428",100007,57.7777778,"Q3_varying_Q2_at_zero",0.000239793961705406
"429",100007,58.1481481,"Q3_varying_Q2_at_zero",0.000241509467436753
"430",100007,58.5185185,"Q3_varying_Q2_at_zero",0.00024330329915994
"431",100007,58.8888889,"Q3_varying_Q2_at_zero",0.000245109123603262
"432",100007,59.2592593,"Q3_varying_Q2_at_zero",0.0002469610197685
"433",100007,59.6296296,"Q3_varying_Q2_at_zero",0.000248626274739742
"434",100007,60,"Q3_varying_Q2_at_zero",0.000250343655356179
"435",100007,60.3703704,"Q3_varying_Q2_at_zero",0.000252105525597458
"436",100007,60.7407407,"Q3_varying_Q2_at_zero",0.000253891543183068
"437",100007,61.1111111,"Q3_varying_Q2_at_zero",0.000255701102175583
"438",100007,61.4814815,"Q3_varying_Q2_at_zero",0.000257467795423959
"439",100007,61.8518519,"Q3_varying_Q2_at_zero",0.000259376674629098
"440",100007,62.2222222,"Q3_varying_Q2_at_zero",0.000261282768842983
"441",100007,62.5925926,"Q3_varying_Q2_at_zero",0.000263266416012982
"442",100007,62.962963,"Q3_varying_Q2_at_zero",0.000265148895732831
"443",100007,63.3333333,"Q3_varying_Q2_at_zero",0.000267111259347704
"444",100007,63.7037037,"Q3_varying_Q2_at_zero",0.000268972233061832
"445",100007,64.0740741,"Q3_varying_Q2_at_zero",0.000270885525586003
"446",100007,64.4444444,"Q3_varying_Q2_at_zero",0.000272793649907276
"447",100007,64.8148148,"Q3_varying_Q2_at_zero",0.000274838321039858
"448",100007,65.1851852,"Q3_varying_Q2_at_zero",0.000276781937161965
"449",100007,65.5555556,"Q3_varying_Q2_at_zero",0.000278809273012565
"450",100007,65.9259259,"Q3_varying_Q2_at_zero",0.000280952810992511
"451",100007,66.2962963,"Q3_varying_Q2_at_zero",0.000283051215551309
"452",100007,66.6666667,"Q3_varying_Q2_at_zero",0.000285066756267388
"453",100007,67.037037,"Q3_varying_Q2_at_zero",0.000287202667812992
"454",100007,67.4074074,"Q3_varying_Q2_at_zero",0.000289333629359461
"455",100007,67.7777778,"Q3_varying_Q2_at_zero",0.000291505994985875
"456",100007,68.1481481,"Q3_varying_Q2_at_zero",0.000293574881789014
"457",100007,68.5185185,"Q3_varying_Q2_at_zero",0.000295755850072237
"458",100007,68.8888889,"Q3_varying_Q2_at_zero",0.0002978956054043
"459",100007,69.2592593,"Q3_varying_Q2_at_zero",0.000300016377937666
"460",100007,69.6296296,"Q3_varying_Q2_at_zero",0.000302180754169727
"461",100007,70,"Q3_varying_Q2_at_zero",0.000304475125817173
"462",100007,70.3703704,"Q3_varying_Q2_at_zero",0.000306678095368722
"463",100007,70.7407407,"Q3_varying_Q2_at_zero",0.000308994854563425
"464",100007,71.1111111,"Q3_varying_Q2_at_zero",0.000311474861100097
"465",100007,71.4814815,"Q3_varying_Q2_at_zero",0.000313857190436363
"466",100007,71.8518519,"Q3_varying_Q2_at_zero",0.000316158805200859
"467",100007,72.2222222,"Q3_varying_Q2_at_zero",0.0003186072099448
"468",100007,72.5925926,"Q3_varying_Q2_at_zero",0.000321059304306054
"469",100007,72.962963,"Q3_varying_Q2_at_zero",0.000323493430837842
"470",100007,73.3333333,"Q3_varying_Q2_at_zero",0.000325851944275392
"471",100007,73.7037037,"Q3_varying_Q2_at_zero",0.000328343203458718
"472",100007,74.0740741,"Q3_varying_Q2_at_zero",0.000331020248361793
"473",100007,74.4444444,"Q3_varying_Q2_at_zero",0.000333365976740781
"474",100007,74.8148148,"Q3_varying_Q2_at_zero",0.000335942348851058
"475",100007,75.1851852,"Q3_varying_Q2_at_zero",0.000338625724147435
"476",100007,75.5555556,"Q3_varying_Q2_at_zero",0.000341030621905252
"477",100007,75.9259259,"Q3_varying_Q2_at_zero",0.000343792832063283
"478",100007,76.2962963,"Q3_varying_Q2_at_zero",0.000346644999222044
"479",100007,76.6666667,"Q3_varying_Q2_at_zero",0.000349201483792541
"480",100007,77.037037,"Q3_varying_Q2_at_zero",0.000351918892097205
"481",100007,77.4074074,"Q3_varying_Q2_at_zero",0.000354961262664825
"482",100007,77.7777778,"Q3_varying_Q2_at_zero",0.000357811263655354
"483",100007,78.1481481,"Q3_varying_Q2_at_zero",0.000360754307242173
"484",100007,78.5185185,"Q3_varying_Q2_at_zero",0.000363803739274527
"485",100007,78.8888889,"Q3_varying_Q2_at_zero",0.000366709020914436
"486",100007,79.2592593,"Q3_varying_Q2_at_zero",0.000369664864197115
"487",100007,79.6296296,"Q3_varying_Q2_at_zero",0.00037266122892881
"488",100007,80,"Q3_varying_Q2_at_zero",0.00037587792512108
"489",100007,80.3703704,"Q3_varying_Q2_at_zero",0.000379140128602422
"490",100007,80.7407407,"Q3_varying_Q2_at_zero",0.000382149201756355
"491",100007,81.1111111,"Q3_varying_Q2_at_zero",0.00038498443861033
"492",100007,81.4814815,"Q3_varying_Q2_at_zero",0.00038846527735811
"493",100007,81.8518519,"Q3_varying_Q2_at_zero",0.000391867875973927
"494",100007,82.2222222,"Q3_varying_Q2_at_zero",0.000395336557528104
"495",100007,82.5925926,"Q3_varying_Q2_at_zero",0.000398729685262517
"496",100007,82.962963,"Q3_varying_Q2_at_zero",0.000402144863226047
"497",100007,83.3333333,"Q3_varying_Q2_at_zero",0.000405741953541545
"498",100007,83.7037037,"Q3_varying_Q2_at_zero",0.000409251598731655
"499",100007,84.0740741,"Q3_varying_Q2_at_zero",0.000413142957989561
"500",100007,84.4444444,"Q3_varying_Q2_at_zero",0.000416925002539185
"501",100007,84.8148148,"Q3_varying_Q2_at_zero",0.000420507641899445
"502",100007,85.1851852,"Q3_varying_Q2_at_zero",0.000424299007655295
"503",100007,85.5555556,"Q3_varying_Q2_at_zero",0.000428546117587895
"504",100007,85.9259259,"Q3_varying_Q2_at_zero",0.000432709726850051
"505",100007,86.2962963,"Q3_varying_Q2_at_zero",0.000436849580046441
"506",100007,86.6666667,"Q3_varying_Q2_at_zero",0.000441095673139351
"507",100007,87.037037,"Q3_varying_Q2_at_zero",0.000445602279631266
"508",100007,87.4074074,"Q3_varying_Q2_at_zero",0.000450141188561704
"509",100007,87.7777778,"Q3_varying_Q2_at_zero",0.000454893763692682
"510",100007,88.1481481,"Q3_varying_Q2_at_zero",0.000459518316914594
"511",100007,88.5185185,"Q3_varying_Q2_at_zero",0.000464156076723435
"512",100007,88.8888889,"Q3_varying_Q2_at_zero",0.000468975721736936
"513",100007,89.2592593,"Q3_varying_Q2_at_zero",0.000473947859471723
"514",100007,89.6296296,"Q3_varying_Q2_at_zero",0.000479437035609289
"515",100007,90,"Q3_varying_Q2_at_zero",0.000484402511475247
"516",100007,90.3703704,"Q3_varying_Q2_at_zero",0.000489507046118389
"517",100007,90.7407407,"Q3_varying_Q2_at_zero",0.000495320039769591
"518",100007,91.1111111,"Q3_varying_Q2_at_zero",0.000500803291153013
"519",100007,91.4814815,"Q3_varying_Q2_at_zero",0.000506563804220014
"520",100007,91.8518519,"Q3_varying_Q2_at_zero",0.000512517334290575
"521",100007,92.2222222,"Q3_varying_Q2_at_zero",0.000518726942167031
"522",100007,92.5925926,"Q3_varying_Q2_at_zero",0.000525568677324572
"523",100007,92.962963,"Q3_varying_Q2_at_zero",0.00053229015511058
"524",100007,93.3333333,"Q3_varying_Q2_at_zero",0.000539170779837267
"525",100007,93.7037037,"Q3_varying_Q2_at_zero",0.000546968706488097
"526",100007,94.0740741,"Q3_varying_Q2_at_zero",0.000554777808407653
"527",100007,94.4444444,"Q3_varying_Q2_at_zero",0.00056277181881646
"528",100007,94.8148148,"Q3_varying_Q2_at_zero",0.000571207189433698
"529",100007,95.1851852,"Q3_varying_Q2_at_zero",0.00057978066548268
"530",100007,95.5555556,"Q3_varying_Q2_at_zero",0.000589124391173261
"531",100007,95.9259259,"Q3_varying_Q2_at_zero",0.000599602823939115
"532",100007,96.2962963,"Q3_varying_Q2_at_zero",0.000611517948225874
"533",100007,96.6666667,"Q3_varying_Q2_at_zero",0.000624773226252721
"534",100007,97.037037,"Q3_varying_Q2_at_zero",0.000640792788997973
"535",100007,97.4074074,"Q3_varying_Q2_at_zero",0.00065805621358049
"536",100007,97.7777778,"Q3_varying_Q2_at_zero",0.00068017505177664
"537",100007,98.1481481,"Q3_varying_Q2_at_zero",0.000706275301104066
"538",100007,98.5185185,"Q3_varying_Q2_at_zero",0.000740386700662057
"539",100007,98.8888889,"Q3_varying_Q2_at_zero",0.000789161544974496
"540",100007,99.2592593,"Q3_varying_Q2_at_zero",0.000849858540185854
"541",100007,99.6296296,"Q3_varying_Q2_at_zero",0.000957584124743991
"542",100007,100,"Q3_varying_Q2_at_zero",0.00217974554345722
"543",100007,0,"neither",2.21874007202076e-05
"544",100007,0,"neither",2.21874007202076e-05
"545",100007,0,"neither",2.21874007202076e-05
"546",100007,0,"neither",2.21874007202076e-05
"547",100007,0,"neither",2.21874007202076e-05
"548",100007,0,"neither",2.21874007202076e-05
"549",100007,0,"neither",2.21874007202076e-05
"550",100007,0,"neither",2.21874007202076e-05
"551",100007,0,"neither",2.21874007202076e-05
"552",100007,0,"neither",2.21874007202076e-05
"553",100007,0,"neither",2.21874007202076e-05
"554",100007,0,"neither",2.21874007202076e-05
"555",100007,0,"neither",2.21874007202076e-05
"556",100007,0,"neither",2.21874007202076e-05
"557",100007,0,"neither",2.21874007202076e-05
"558",100007,0,"neither",2.21874007202076e-05
"559",100007,0,"neither",2.21874007202076e-05
"560",100007,0,"neither",2.21874007202076e-05
"561",100007,0,"neither",2.21874007202076e-05
"562",100007,0,"neither",2.21874007202076e-05
"563",100007,0,"neither",2.21874007202076e-05
"564",100007,0,"neither",2.21874007202076e-05
"565",100007,0,"neither",2.21874007202076e-05
"566",100007,0,"neither",2.21874007202076e-05
"567",100007,0,"neither",2.21874007202076e-05
"568",100007,0,"neither",2.21874007202076e-05
"569",100007,0,"neither",2.21874007202076e-05
"570",100007,0,"neither",2.21874007202076e-05
"571",100007,0,"neither",2.21874007202076e-05
"572",100007,0,"neither",2.21874007202076e-05
"573",100007,0,"neither",2.21874007202076e-05
"574",100007,0,"neither",2.21874007202076e-05
"575",100007,0,"neither",2.21874007202076e-05
"576",100007,0,"neither",2.21874007202076e-05
"577",100007,0,"neither",2.21874007202076e-05
"578",100007,0,"neither",2.21874007202076e-05
"579",100007,0,"neither",2.21874007202076e-05
"580",100007,0,"neither",2.21874007202076e-05
"581",100007,0,"neither",2.21874007202076e-05
"582",100007,0,"neither",2.21874007202076e-05
"583",100007,0,"neither",2.21874007202076e-05
"584",100007,0,"neither",2.21874007202076e-05
"585",100007,0,"neither",2.21874007202076e-05
"586",100007,0,"neither",2.21874007202076e-05
"587",100007,0,"neither",2.21874007202076e-05
"588",100007,0,"neither",2.21874007202076e-05
"589",100007,0,"neither",2.21874007202076e-05
"590",100007,0,"neither",2.21874007202076e-05
"591",100007,0,"neither",2.21874007202076e-05
"592",100007,0,"neither",2.21874007202076e-05
"593",100007,0,"neither",2.21874007202076e-05
"594",100007,0,"neither",2.21874007202076e-05
"595",100007,0,"neither",2.21874007202076e-05
"596",100007,0,"neither",2.21874007202076e-05
"597",100007,0,"neither",2.21874007202076e-05
"598",100007,0,"neither",2.21874007202076e-05
"599",100007,0,"neither",2.21874007202076e-05
"600",100007,0,"neither",2.21874007202076e-05
"601",100007,0,"neither",2.21874007202076e-05
"602",100007,0,"neither",2.21874007202076e-05
"603",100007,0,"neither",2.21874007202076e-05
"604",100007,0,"neither",2.21874007202076e-05
"605",100007,0,"neither",2.21874007202076e-05
"606",100007,0,"neither",2.21874007202076e-05
"607",100007,0,"neither",2.21874007202076e-05
"608",100007,0,"neither",2.21874007202076e-05
"609",100007,0,"neither",2.21874007202076e-05
"610",100007,0,"neither",2.21874007202076e-05
"611",100007,0,"neither",2.21874007202076e-05
"612",100007,0,"neither",2.21874007202076e-05
"613",100007,0,"neither",2.21874007202076e-05
"614",100007,0,"neither",2.21874007202076e-05
"615",100007,0,"neither",2.21874007202076e-05
"616",100007,0,"neither",2.21874007202076e-05
"617",100007,0,"neither",2.21874007202076e-05
"618",100007,0,"neither",2.21874007202076e-05
"619",100007,0,"neither",2.21874007202076e-05
"620",100007,0,"neither",2.21874007202076e-05
"621",100007,0,"neither",2.21874007202076e-05
"622",100007,0,"neither",2.21874007202076e-05
"623",100007,0,"neither",2.21874007202076e-05
"624",100007,0,"neither",2.21874007202076e-05
"625",100007,0,"neither",2.21874007202076e-05
"626",100007,0,"neither",2.21874007202076e-05
"627",100007,0,"neither",2.21874007202076e-05
"628",100007,0,"neither",2.21874007202076e-05
"629",100007,0,"neither",2.21874007202076e-05
"630",100007,0,"neither",2.21874007202076e-05
"631",100007,0,"neither",2.21874007202076e-05
"632",100007,0,"neither",2.21874007202076e-05
"633",100007,0,"neither",2.21874007202076e-05
"634",100007,0,"neither",2.21874007202076e-05
"635",100007,0,"neither",2.21874007202076e-05
"636",100007,0,"neither",2.21874007202076e-05
"637",100007,0,"neither",2.21874007202076e-05
"638",100007,0,"neither",2.21874007202076e-05
"639",100007,0,"neither",2.21874007202076e-05
"640",100007,0,"neither",2.21874007202076e-05
"641",100007,0,"neither",2.21874007202076e-05
"642",100007,0,"neither",2.21874007202076e-05
"643",100007,0,"neither",2.21874007202076e-05
"644",100007,0,"neither",2.21874007202076e-05
"645",100007,0,"neither",2.21874007202076e-05
"646",100007,0,"neither",2.21874007202076e-05
"647",100007,0,"neither",2.21874007202076e-05
"648",100007,0,"neither",2.21874007202076e-05
"649",100007,0,"neither",2.21874007202076e-05
"650",100007,0,"neither",2.21874007202076e-05
"651",100007,0,"neither",2.21874007202076e-05
"652",100007,0,"neither",2.21874007202076e-05
"653",100007,0,"neither",2.21874007202076e-05
"654",100007,0,"neither",2.21874007202076e-05
"655",100007,0,"neither",2.21874007202076e-05
"656",100007,0,"neither",2.21874007202076e-05
"657",100007,0,"neither",2.21874007202076e-05
"658",100007,0,"neither",2.21874007202076e-05
"659",100007,0,"neither",2.21874007202076e-05
"660",100007,0,"neither",2.21874007202076e-05
"661",100007,0,"neither",2.21874007202076e-05
"662",100007,0,"neither",2.21874007202076e-05
"663",100007,0,"neither",2.21874007202076e-05
"664",100007,0,"neither",2.21874007202076e-05
"665",100007,0,"neither",2.21874007202076e-05
"666",100007,0,"neither",2.21874007202076e-05
"667",100007,0,"neither",2.21874007202076e-05
"668",100007,0,"neither",2.21874007202076e-05
"669",100007,0,"neither",2.21874007202076e-05
"670",100007,0,"neither",2.21874007202076e-05
"671",100007,0,"neither",2.21874007202076e-05
"672",100007,0,"neither",2.21874007202076e-05
"673",100007,0,"neither",2.21874007202076e-05
"674",100007,0,"neither",2.21874007202076e-05
"675",100007,0,"neither",2.21874007202076e-05
"676",100007,0,"neither",2.21874007202076e-05
"677",100007,0,"neither",2.21874007202076e-05
"678",100007,0,"neither",2.21874007202076e-05
"679",100007,0,"neither",2.21874007202076e-05
"680",100007,0,"neither",2.21874007202076e-05
"681",100007,0,"neither",2.21874007202076e-05
"682",100007,0,"neither",2.21874007202076e-05
"683",100007,0,"neither",2.21874007202076e-05
"684",100007,0,"neither",2.21874007202076e-05
"685",100007,0,"neither",2.21874007202076e-05
"686",100007,0,"neither",2.21874007202076e-05
"687",100007,0,"neither",2.21874007202076e-05
"688",100007,0,"neither",2.21874007202076e-05
"689",100007,0,"neither",2.21874007202076e-05
"690",100007,0,"neither",2.21874007202076e-05
"691",100007,0,"neither",2.21874007202076e-05
"692",100007,0,"neither",2.21874007202076e-05
"693",100007,0,"neither",2.21874007202076e-05
"694",100007,0,"neither",2.21874007202076e-05
"695",100007,0,"neither",2.21874007202076e-05
"696",100007,0,"neither",2.21874007202076e-05
"697",100007,0,"neither",2.21874007202076e-05
"698",100007,0,"neither",2.21874007202076e-05
"699",100007,0,"neither",2.21874007202076e-05
"700",100007,0,"neither",2.21874007202076e-05
"701",100007,0,"neither",2.21874007202076e-05
"702",100007,0,"neither",2.21874007202076e-05
"703",100007,0,"neither",2.21874007202076e-05
"704",100007,0,"neither",2.21874007202076e-05
"705",100007,0,"neither",2.21874007202076e-05
"706",100007,0,"neither",2.21874007202076e-05
"707",100007,0,"neither",2.21874007202076e-05
"708",100007,0,"neither",2.21874007202076e-05
"709",100007,0,"neither",2.21874007202076e-05
"710",100007,0,"neither",2.21874007202076e-05
"711",100007,0,"neither",2.21874007202076e-05
"712",100007,0,"neither",2.21874007202076e-05
"713",100007,0,"neither",2.21874007202076e-05
"714",100007,0,"neither",2.21874007202076e-05
"715",100007,0,"neither",2.21874007202076e-05
"716",100007,0,"neither",2.21874007202076e-05
"717",100007,0,"neither",2.21874007202076e-05
"718",100007,0,"neither",2.21874007202076e-05
"719",100007,0,"neither",2.21874007202076e-05
"720",100007,0,"neither",2.21874007202076e-05
"721",100007,0,"neither",2.21874007202076e-05
"722",100007,0,"neither",2.21874007202076e-05
"723",100007,0,"neither",2.21874007202076e-05
"724",100007,0,"neither",2.21874007202076e-05
"725",100007,0,"neither",2.21874007202076e-05
"726",100007,0,"neither",2.21874007202076e-05
"727",100007,0,"neither",2.21874007202076e-05
"728",100007,0,"neither",2.21874007202076e-05
"729",100007,0,"neither",2.21874007202076e-05
"730",100007,0,"neither",2.21874007202076e-05
"731",100007,0,"neither",2.21874007202076e-05
"732",100007,0,"neither",2.21874007202076e-05
"733",100007,0,"neither",2.21874007202076e-05
"734",100007,0,"neither",2.21874007202076e-05
"735",100007,0,"neither",2.21874007202076e-05
"736",100007,0,"neither",2.21874007202076e-05
"737",100007,0,"neither",2.21874007202076e-05
"738",100007,0,"neither",2.21874007202076e-05
"739",100007,0,"neither",2.21874007202076e-05
"740",100007,0,"neither",2.21874007202076e-05
"741",100007,0,"neither",2.21874007202076e-05
"742",100007,0,"neither",2.21874007202076e-05
"743",100007,0,"neither",2.21874007202076e-05
"744",100007,0,"neither",2.21874007202076e-05
"745",100007,0,"neither",2.21874007202076e-05
"746",100007,0,"neither",2.21874007202076e-05
"747",100007,0,"neither",2.21874007202076e-05
"748",100007,0,"neither",2.21874007202076e-05
"749",100007,0,"neither",2.21874007202076e-05
"750",100007,0,"neither",2.21874007202076e-05
"751",100007,0,"neither",2.21874007202076e-05
"752",100007,0,"neither",2.21874007202076e-05
"753",100007,0,"neither",2.21874007202076e-05
"754",100007,0,"neither",2.21874007202076e-05
"755",100007,0,"neither",2.21874007202076e-05
"756",100007,0,"neither",2.21874007202076e-05
"757",100007,0,"neither",2.21874007202076e-05
"758",100007,0,"neither",2.21874007202076e-05
"759",100007,0,"neither",2.21874007202076e-05
"760",100007,0,"neither",2.21874007202076e-05
"761",100007,0,"neither",2.21874007202076e-05
"762",100007,0,"neither",2.21874007202076e-05
"763",100007,0,"neither",2.21874007202076e-05
"764",100007,0,"neither",2.21874007202076e-05
"765",100007,0,"neither",2.21874007202076e-05
"766",100007,0,"neither",2.21874007202076e-05
"767",100007,0,"neither",2.21874007202076e-05
"768",100007,0,"neither",2.21874007202076e-05
"769",100007,0,"neither",2.21874007202076e-05
"770",100007,0,"neither",2.21874007202076e-05
"771",100007,0,"neither",2.21874007202076e-05
"772",100007,0,"neither",2.21874007202076e-05
"773",100007,0,"neither",2.21874007202076e-05
"774",100007,0,"neither",2.21874007202076e-05
"775",100007,0,"neither",2.21874007202076e-05
"776",100007,0,"neither",2.21874007202076e-05
"777",100007,0,"neither",2.21874007202076e-05
"778",100007,0,"neither",2.21874007202076e-05
"779",100007,0,"neither",2.21874007202076e-05
"780",100007,0,"neither",2.21874007202076e-05
"781",100007,0,"neither",2.21874007202076e-05
"782",100007,0,"neither",2.21874007202076e-05
"783",100007,0,"neither",2.21874007202076e-05
"784",100007,0,"neither",2.21874007202076e-05
"785",100007,0,"neither",2.21874007202076e-05
"786",100007,0,"neither",2.21874007202076e-05
"787",100007,0,"neither",2.21874007202076e-05
"788",100007,0,"neither",2.21874007202076e-05
"789",100007,0,"neither",2.21874007202076e-05
"790",100007,0,"neither",2.21874007202076e-05
"791",100007,0,"neither",2.21874007202076e-05
"792",100007,0,"neither",2.21874007202076e-05
"793",100007,0,"neither",2.21874007202076e-05
"794",100007,0,"neither",2.21874007202076e-05
"795",100007,0,"neither",2.21874007202076e-05
"796",100007,0,"neither",2.21874007202076e-05
"797",100007,0,"neither",2.21874007202076e-05
"798",100007,0,"neither",2.21874007202076e-05
"799",100007,0,"neither",2.21874007202076e-05
"800",100007,0,"neither",2.21874007202076e-05
"801",100007,0,"neither",2.21874007202076e-05
"802",100007,0,"neither",2.21874007202076e-05
"803",100007,0,"neither",2.21874007202076e-05
"804",100007,0,"neither",2.21874007202076e-05
"805",100007,0,"neither",2.21874007202076e-05
"806",100007,0,"neither",2.21874007202076e-05
"807",100007,0,"neither",2.21874007202076e-05
"808",100007,0,"neither",2.21874007202076e-05
"809",100007,0,"neither",2.21874007202076e-05
"810",100007,0,"neither",2.21874007202076e-05
"811",100007,0,"neither",2.21874007202076e-05
"812",100007,0,"neither",2.21874007202076e-05
"813",100007,0,"neither",2.21874007202076e-05
"814",100007,0,"Q2_varying_Q3_at_mean",0.00019548354811594
"815",100007,0.3703704,"Q2_varying_Q3_at_mean",8.75501354631724e-05
"816",100007,0.7407407,"Q2_varying_Q3_at_mean",0.000113418973948327
"817",100007,1.1111111,"Q2_varying_Q3_at_mean",0.000133240214491983
"818",100007,1.4814815,"Q2_varying_Q3_at_mean",0.000148619576125492
"819",100007,1.8518519,"Q2_varying_Q3_at_mean",0.000161945814682329
"820",100007,2.2222222,"Q2_varying_Q3_at_mean",0.000173658478899504
"821",100007,2.5925926,"Q2_varying_Q3_at_mean",0.000184621157973026
"822",100007,2.962963,"Q2_varying_Q3_at_mean",0.000194317590245835
"823",100007,3.3333333,"Q2_varying_Q3_at_mean",0.000204100459338871
"824",100007,3.7037037,"Q2_varying_Q3_at_mean",0.00021273813376734
"825",100007,4.0740741,"Q2_varying_Q3_at_mean",0.000220864424301629
"826",100007,4.4444444,"Q2_varying_Q3_at_mean",0.000229253866464163
"827",100007,4.8148148,"Q2_varying_Q3_at_mean",0.000237229212685414
"828",100007,5.1851852,"Q2_varying_Q3_at_mean",0.000244896232279703
"829",100007,5.5555556,"Q2_varying_Q3_at_mean",0.000252873326847183
"830",100007,5.9259259,"Q2_varying_Q3_at_mean",0.000259585170429661
"831",100007,6.2962963,"Q2_varying_Q3_at_mean",0.000266566310271938
"832",100007,6.6666667,"Q2_varying_Q3_at_mean",0.000273827174408791
"833",100007,7.037037,"Q2_varying_Q3_at_mean",0.000280610837131356
"834",100007,7.4074074,"Q2_varying_Q3_at_mean",0.000287178003249015
"835",100007,7.7777778,"Q2_varying_Q3_at_mean",0.000293879128923977
"836",100007,8.1481481,"Q2_varying_Q3_at_mean",0.000300093405258655
"837",100007,8.5185185,"Q2_varying_Q3_at_mean",0.000306372343347073
"838",100007,8.8888889,"Q2_varying_Q3_at_mean",0.000312614595909133
"839",100007,9.2592593,"Q2_varying_Q3_at_mean",0.000318876606862205
"840",100007,9.6296296,"Q2_varying_Q3_at_mean",0.000325104782957843
"841",100007,10,"Q2_varying_Q3_at_mean",0.000330874977333863
"842",100007,10.3703704,"Q2_varying_Q3_at_mean",0.000336923806004842
"843",100007,10.7407407,"Q2_varying_Q3_at_mean",0.000342624521241624
"844",100007,11.1111111,"Q2_varying_Q3_at_mean",0.000348361547800132
"845",100007,11.4814815,"Q2_varying_Q3_at_mean",0.000353888404893298
"846",100007,11.8518519,"Q2_varying_Q3_at_mean",0.000359653066137161
"847",100007,12.2222222,"Q2_varying_Q3_at_mean",0.00036516077195564
"848",100007,12.5925926,"Q2_varying_Q3_at_mean",0.000370897009538905
"849",100007,12.962963,"Q2_varying_Q3_at_mean",0.000376323335090641
"850",100007,13.3333333,"Q2_varying_Q3_at_mean",0.000382060434939518
"851",100007,13.7037037,"Q2_varying_Q3_at_mean",0.000387834694599048
"852",100007,14.0740741,"Q2_varying_Q3_at_mean",0.000393326397994436
"853",100007,14.4444444,"Q2_varying_Q3_at_mean",0.000398705871648223
"854",100007,14.8148148,"Q2_varying_Q3_at_mean",0.000404284145751687
"855",100007,15.1851852,"Q2_varying_Q3_at_mean",0.000409796056387872
"856",100007,15.5555556,"Q2_varying_Q3_at_mean",0.000415726727375497
"857",100007,15.9259259,"Q2_varying_Q3_at_mean",0.000421217761683195
"858",100007,16.2962963,"Q2_varying_Q3_at_mean",0.000426904612282355
"859",100007,16.6666667,"Q2_varying_Q3_at_mean",0.00043239921009794
"860",100007,17.037037,"Q2_varying_Q3_at_mean",0.000437671976718081
"861",100007,17.4074074,"Q2_varying_Q3_at_mean",0.000443118044367178
"862",100007,17.7777778,"Q2_varying_Q3_at_mean",0.000448746841079411
"863",100007,18.1481481,"Q2_varying_Q3_at_mean",0.000454113606166617
"864",100007,18.5185185,"Q2_varying_Q3_at_mean",0.000459340846686732
"865",100007,18.8888889,"Q2_varying_Q3_at_mean",0.000464891121170209
"866",100007,19.2592593,"Q2_varying_Q3_at_mean",0.000470289601106975
"867",100007,19.6296296,"Q2_varying_Q3_at_mean",0.000475856882691583
"868",100007,20,"Q2_varying_Q3_at_mean",0.000481248300548059
"869",100007,20.3703704,"Q2_varying_Q3_at_mean",0.000486986170238407
"870",100007,20.7407407,"Q2_varying_Q3_at_mean",0.00049253262992299
"871",100007,21.1111111,"Q2_varying_Q3_at_mean",0.000497669582409231
"872",100007,21.4814815,"Q2_varying_Q3_at_mean",0.00050354645763109
"873",100007,21.8518519,"Q2_varying_Q3_at_mean",0.000508995195834242
"874",100007,22.2222222,"Q2_varying_Q3_at_mean",0.000513971388303941
"875",100007,22.5925926,"Q2_varying_Q3_at_mean",0.000519725986204604
"876",100007,22.962963,"Q2_varying_Q3_at_mean",0.000524986465871236
"877",100007,23.3333333,"Q2_varying_Q3_at_mean",0.000530161876077975
"878",100007,23.7037037,"Q2_varying_Q3_at_mean",0.000535767021389948
"879",100007,24.0740741,"Q2_varying_Q3_at_mean",0.000540929607710124
"880",100007,24.4444444,"Q2_varying_Q3_at_mean",0.000546781418569292
"881",100007,24.8148148,"Q2_varying_Q3_at_mean",0.000552041123853226
"882",100007,25.1851852,"Q2_varying_Q3_at_mean",0.000557436612254015
"883",100007,25.5555556,"Q2_varying_Q3_at_mean",0.000563107269471384
"884",100007,25.9259259,"Q2_varying_Q3_at_mean",0.000568658388995558
"885",100007,26.2962963,"Q2_varying_Q3_at_mean",0.000574497293308813
"886",100007,26.6666667,"Q2_varying_Q3_at_mean",0.000580019698645236
"887",100007,27.037037,"Q2_varying_Q3_at_mean",0.000585773848682025
"888",100007,27.4074074,"Q2_varying_Q3_at_mean",0.000591179033307341
"889",100007,27.7777778,"Q2_varying_Q3_at_mean",0.000597029732873436
"890",100007,28.1481481,"Q2_varying_Q3_at_mean",0.000603356445678246
"891",100007,28.5185185,"Q2_varying_Q3_at_mean",0.000608711291423269
"892",100007,28.8888889,"Q2_varying_Q3_at_mean",0.000614193521800513
"893",100007,29.2592593,"Q2_varying_Q3_at_mean",0.000620325285754816
"894",100007,29.6296296,"Q2_varying_Q3_at_mean",0.000625560359029403
"895",100007,30,"Q2_varying_Q3_at_mean",0.000631999030268804
"896",100007,30.3703704,"Q2_varying_Q3_at_mean",0.000637500263415258
"897",100007,30.7407407,"Q2_varying_Q3_at_mean",0.000643700010927395
"898",100007,31.1111111,"Q2_varying_Q3_at_mean",0.000650061596413373
"899",100007,31.4814815,"Q2_varying_Q3_at_mean",0.000655991144925948
"900",100007,31.8518519,"Q2_varying_Q3_at_mean",0.000661779450225996
"901",100007,32.2222222,"Q2_varying_Q3_at_mean",0.000667033726965424
"902",100007,32.5925926,"Q2_varying_Q3_at_mean",0.000673384304617792
"903",100007,32.962963,"Q2_varying_Q3_at_mean",0.000679238343422383
"904",100007,33.3333333,"Q2_varying_Q3_at_mean",0.000685228750528799
"905",100007,33.7037037,"Q2_varying_Q3_at_mean",0.000690672257690632
"906",100007,34.0740741,"Q2_varying_Q3_at_mean",0.000697639856155435
"907",100007,34.4444444,"Q2_varying_Q3_at_mean",0.000703349463416053
"908",100007,34.8148148,"Q2_varying_Q3_at_mean",0.000709184176594823
"909",100007,35.1851852,"Q2_varying_Q3_at_mean",0.000715525682375859
"910",100007,35.5555556,"Q2_varying_Q3_at_mean",0.000722019197665354
"911",100007,35.9259259,"Q2_varying_Q3_at_mean",0.000727858320710453
"912",100007,36.2962963,"Q2_varying_Q3_at_mean",0.000733867714686133
"913",100007,36.6666667,"Q2_varying_Q3_at_mean",0.000740400331808696
"914",100007,37.037037,"Q2_varying_Q3_at_mean",0.00074708882244737
"915",100007,37.4074074,"Q2_varying_Q3_at_mean",0.000753939307823413
"916",100007,37.7777778,"Q2_varying_Q3_at_mean",0.000760736288288966
"917",100007,38.1481481,"Q2_varying_Q3_at_mean",0.00076633708725109
"918",100007,38.5185185,"Q2_varying_Q3_at_mean",0.000773667464216618
"919",100007,38.8888889,"Q2_varying_Q3_at_mean",0.000779288300132447
"920",100007,39.2592593,"Q2_varying_Q3_at_mean",0.000786306805289318
"921",100007,39.6296296,"Q2_varying_Q3_at_mean",0.000792834147251412
"922",100007,40,"Q2_varying_Q3_at_mean",0.000799337965934944
"923",100007,40.3703704,"Q2_varying_Q3_at_mean",0.000807020196854779
"924",100007,40.7407407,"Q2_varying_Q3_at_mean",0.000813308245650789
"925",100007,41.1111111,"Q2_varying_Q3_at_mean",0.000819727381555509
"926",100007,41.4814815,"Q2_varying_Q3_at_mean",0.000826282093667728
"927",100007,41.8518519,"Q2_varying_Q3_at_mean",0.000833729845976462
"928",100007,42.2222222,"Q2_varying_Q3_at_mean",0.000840971806033054
"929",100007,42.5925926,"Q2_varying_Q3_at_mean",0.000847481702255546
"930",100007,42.962963,"Q2_varying_Q3_at_mean",0.000854298605042626
"931",100007,43.3333333,"Q2_varying_Q3_at_mean",0.000861262278246356
"932",100007,43.7037037,"Q2_varying_Q3_at_mean",0.000868737782549431
"933",100007,44.0740741,"Q2_varying_Q3_at_mean",0.000876387147087549
"934",100007,44.4444444,"Q2_varying_Q3_at_mean",0.000883337908920078
"935",100007,44.8148148,"Q2_varying_Q3_at_mean",0.000890212096081004
"936",100007,45.1851852,"Q2_varying_Q3_at_mean",0.000897687169367711
"937",100007,45.5555556,"Q2_varying_Q3_at_mean",0.000906033733222935
"938",100007,45.9259259,"Q2_varying_Q3_at_mean",0.000913147855621498
"939",100007,46.2962963,"Q2_varying_Q3_at_mean",0.000920411448077738
"940",100007,46.6666667,"Q2_varying_Q3_at_mean",0.000929332341132852
"941",100007,47.037037,"Q2_varying_Q3_at_mean",0.000935407929813672
"942",100007,47.4074074,"Q2_varying_Q3_at_mean",0.000944721101077564
"943",100007,47.7777778,"Q2_varying_Q3_at_mean",0.000951067543102916
"944",100007,48.1481481,"Q2_varying_Q3_at_mean",0.000959161109246677
"945",100007,48.5185185,"Q2_varying_Q3_at_mean",0.000967439177005537
"946",100007,48.8888889,"Q2_varying_Q3_at_mean",0.000974199108900877
"947",100007,49.2592593,"Q2_varying_Q3_at_mean",0.000982826955453608
"948",100007,49.6296296,"Q2_varying_Q3_at_mean",0.000991659606487765
"949",100007,50,"Q2_varying_Q3_at_mean",0.000998878548452727
"950",100007,50.3703704,"Q2_varying_Q3_at_mean",0.00100716800176517
"951",100007,50.7407407,"Q2_varying_Q3_at_mean",0.00101659484565837
"952",100007,51.1111111,"Q2_varying_Q3_at_mean",0.00102528109942038
"953",100007,51.4814815,"Q2_varying_Q3_at_mean",0.00103316890028862
"954",100007,51.8518519,"Q2_varying_Q3_at_mean",0.0010412190353465
"955",100007,52.2222222,"Q2_varying_Q3_at_mean",0.00104943699173684
"956",100007,52.5925926,"Q2_varying_Q3_at_mean",0.00105826384346429
"957",100007,52.962963,"Q2_varying_Q3_at_mean",0.00106748396092195
"958",100007,53.3333333,"Q2_varying_Q3_at_mean",0.00107663469483173
"959",100007,53.7037037,"Q2_varying_Q3_at_mean",0.00108637449491584
"960",100007,54.0740741,"Q2_varying_Q3_at_mean",0.00109557454769143
"961",100007,54.4444444,"Q2_varying_Q3_at_mean",0.00110498329093945
"962",100007,54.8148148,"Q2_varying_Q3_at_mean",0.00111315060944207
"963",100007,55.1851852,"Q2_varying_Q3_at_mean",0.00112197439875594
"964",100007,55.5555556,"Q2_varying_Q3_at_mean",0.00113199842495713
"965",100007,55.9259259,"Q2_varying_Q3_at_mean",0.00114226252233749
"966",100007,56.2962963,"Q2_varying_Q3_at_mean",0.00115277615420409
"967",100007,56.6666667,"Q2_varying_Q3_at_mean",0.00116354930777862
"968",100007,57.037037,"Q2_varying_Q3_at_mean",0.00117208163529586
"969",100007,57.4074074,"Q2_varying_Q3_at_mean",0.00118021888029505
"970",100007,57.7777778,"Q2_varying_Q3_at_mean",0.00119168831899602
"971",100007,58.1481481,"Q2_varying_Q3_at_mean",0.00120315897147563
"972",100007,58.5185185,"Q2_varying_Q3_at_mean",0.00121066702804469
"973",100007,58.8888889,"Q2_varying_Q3_at_mean",0.00122169916172977
"974",100007,59.2592593,"Q2_varying_Q3_at_mean",0.00123109807053559
"975",100007,59.6296296,"Q2_varying_Q3_at_mean",0.00124069041273585
"976",100007,60,"Q2_varying_Q3_at_mean",0.0012537924438203
"977",100007,60.3703704,"Q2_varying_Q3_at_mean",0.00126408829654058
"978",100007,60.7407407,"Q2_varying_Q3_at_mean",0.00127414821258603
"979",100007,61.1111111,"Q2_varying_Q3_at_mean",0.00128821303049868
"980",100007,61.4814815,"Q2_varying_Q3_at_mean",0.00129540080990127
"981",100007,61.8518519,"Q2_varying_Q3_at_mean",0.00131009970100276
"982",100007,62.2222222,"Q2_varying_Q3_at_mean",0.00132014698645612
"983",100007,62.5925926,"Q2_varying_Q3_at_mean",0.00133299675381778
"984",100007,62.962963,"Q2_varying_Q3_at_mean",0.00134484818538694
"985",100007,63.3333333,"Q2_varying_Q3_at_mean",0.00135698205257733
"986",100007,63.7037037,"Q2_varying_Q3_at_mean",0.00136940943286474
"987",100007,64.0740741,"Q2_varying_Q3_at_mean",0.00138214201388455
"988",100007,64.4444444,"Q2_varying_Q3_at_mean",0.00139519213701714
"989",100007,64.8148148,"Q2_varying_Q3_at_mean",0.00140857284482183
"990",100007,65.1851852,"Q2_varying_Q3_at_mean",0.00141768375474913
"991",100007,65.5555556,"Q2_varying_Q3_at_mean",0.00143638200542838
"992",100007,65.9259259,"Q2_varying_Q3_at_mean",0.00144597842766584
"993",100007,66.2962963,"Q2_varying_Q3_at_mean",0.00145992220835155
"994",100007,66.6666667,"Q2_varying_Q3_at_mean",0.00147581526476768
"995",100007,67.037037,"Q2_varying_Q3_at_mean",0.00148612745769592
"996",100007,67.4074074,"Q2_varying_Q3_at_mean",0.0015037451946738
"997",100007,67.7777778,"Q2_varying_Q3_at_mean",0.0015182430632187
"998",100007,68.1481481,"Q2_varying_Q3_at_mean",0.0015293617863531
"999",100007,68.5185185,"Q2_varying_Q3_at_mean",0.00154645021722361
"1000",100007,68.8888889,"Q2_varying_Q3_at_mean",0.00156405240444971
"1001",100007,69.2592593,"Q2_varying_Q3_at_mean",0.00157608514724203
"1002",100007,69.6296296,"Q2_varying_Q3_at_mean",0.00158836552878746
"1003",100007,70,"Q2_varying_Q3_at_mean",0.00160855026853953
"1004",100007,70.3703704,"Q2_varying_Q3_at_mean",0.00162677821847583
"1005",100007,70.7407407,"Q2_varying_Q3_at_mean",0.00164013694918971
"1006",100007,71.1111111,"Q2_varying_Q3_at_mean",0.00165378938902555
"1007",100007,71.4814815,"Q2_varying_Q3_at_mean",0.00167484212080072
"1008",100007,71.8518519,"Q2_varying_Q3_at_mean",0.00169661784354185
"1009",100007,72.2222222,"Q2_varying_Q3_at_mean",0.00171155683519868
"1010",100007,72.5925926,"Q2_varying_Q3_at_mean",0.00172684836269195
"1011",100007,72.962963,"Q2_varying_Q3_at_mean",0.00174250611572669
"1012",100007,73.3333333,"Q2_varying_Q3_at_mean",0.00176179921882415
"1013",100007,73.7037037,"Q2_varying_Q3_at_mean",0.00178334945318454
"1014",100007,74.0740741,"Q2_varying_Q3_at_mean",0.00180522350864241
"1015",100007,74.4444444,"Q2_varying_Q3_at_mean",0.0018268227436401
"1016",100007,74.8148148,"Q2_varying_Q3_at_mean",0.00184501110143354
"1017",100007,75.1851852,"Q2_varying_Q3_at_mean",0.00186368572027342
"1018",100007,75.5555556,"Q2_varying_Q3_at_mean",0.00188286803474463
"1019",100007,75.9259259,"Q2_varying_Q3_at_mean",0.00190258080885977
"1020",100007,76.2962963,"Q2_varying_Q3_at_mean",0.00192284824320109
"1021",100007,76.6666667,"Q2_varying_Q3_at_mean",0.00194369609275777
"1022",100007,77.037037,"Q2_varying_Q3_at_mean",0.00197244377966803
"1023",100007,77.4074074,"Q2_varying_Q3_at_mean",0.00199728528949639
"1024",100007,77.7777778,"Q2_varying_Q3_at_mean",0.00202164741215604
"1025",100007,78.1481481,"Q2_varying_Q3_at_mean",0.00204951823969262
"1026",100007,78.5185185,"Q2_varying_Q3_at_mean",0.00207632673971417
"1027",100007,78.8888889,"Q2_varying_Q3_at_mean",0.00210843928521144
"1028",100007,79.2592593,"Q2_varying_Q3_at_mean",0.0021350940699778
"1029",100007,79.6296296,"Q2_varying_Q3_at_mean",0.00216265776520424
"1030",100007,80,"Q2_varying_Q3_at_mean",0.00219118171197171
"1031",100007,80.3703704,"Q2_varying_Q3_at_mean",0.00222072135171367
"1032",100007,80.7407407,"Q2_varying_Q3_at_mean",0.00225133665389247
"1033",100007,81.1111111,"Q2_varying_Q3_at_mean",0.00228309259921903
"1034",100007,81.4814815,"Q2_varying_Q3_at_mean",0.00231605972711691
"1035",100007,81.8518519,"Q2_varying_Q3_at_mean",0.00235031475773948
"1036",100007,82.2222222,"Q2_varying_Q3_at_mean",0.0023841260239536
"1037",100007,82.5925926,"Q2_varying_Q3_at_mean",0.00241883435939364
"1038",100007,82.962963,"Q2_varying_Q3_at_mean",0.00245186743229039
"1039",100007,83.3333333,"Q2_varying_Q3_at_mean",0.00248740638404885
"1040",100007,83.7037037,"Q2_varying_Q3_at_mean",0.00252394279305179
"1041",100007,84.0740741,"Q2_varying_Q3_at_mean",0.00256589693416168
"1042",100007,84.4444444,"Q2_varying_Q3_at_mean",0.00261095745065374
"1043",100007,84.8148148,"Q2_varying_Q3_at_mean",0.00265014487606749
"1044",100007,85.1851852,"Q2_varying_Q3_at_mean",0.00269092507643294
"1045",100007,85.5555556,"Q2_varying_Q3_at_mean",0.00273340574077933
"1046",100007,85.9259259,"Q2_varying_Q3_at_mean",0.00278679413803369
"1047",100007,86.2962963,"Q2_varying_Q3_at_mean",0.00284302814277967
"1048",100007,86.6666667,"Q2_varying_Q3_at_mean",0.00290236210838336
"1049",100007,87.037037,"Q2_varying_Q3_at_mean",0.00296508295360375
"1050",100007,87.4074074,"Q2_varying_Q3_at_mean",0.00303151568327403
"1051",100007,87.7777778,"Q2_varying_Q3_at_mean",0.00310203009147461
"1052",100007,88.1481481,"Q2_varying_Q3_at_mean",0.00315784656364292
"1053",100007,88.5185185,"Q2_varying_Q3_at_mean",0.0032244215554376
"1054",100007,88.8888889,"Q2_varying_Q3_at_mean",0.00329910620996257
"1055",100007,89.2592593,"Q2_varying_Q3_at_mean",0.00338114574550404
"1056",100007,89.6296296,"Q2_varying_Q3_at_mean",0.00346648046144174
"1057",100007,90,"Q2_varying_Q3_at_mean",0.00353825408814226
"1058",100007,90.3703704,"Q2_varying_Q3_at_mean",0.00363972240850047
"1059",100007,90.7407407,"Q2_varying_Q3_at_mean",0.0037552650900706
"1060",100007,91.1111111,"Q2_varying_Q3_at_mean",0.00388102933816589
"1061",100007,91.4814815,"Q2_varying_Q3_at_mean",0.00401856677470505
"1062",100007,91.8518519,"Q2_varying_Q3_at_mean",0.00413057177063688
"1063",100007,92.2222222,"Q2_varying_Q3_at_mean",0.00427167118611921
"1064",100007,92.5925926,"Q2_varying_Q3_at_mean",0.00442751577916561
"1065",100007,92.962963,"Q2_varying_Q3_at_mean",0.00460379046033179
"1066",100007,93.3333333,"Q2_varying_Q3_at_mean",0.00478207913977963
"1067",100007,93.7037037,"Q2_varying_Q3_at_mean",0.00496860005776016
"1068",100007,94.0740741,"Q2_varying_Q3_at_mean",0.00523910950356514
"1069",100007,94.4444444,"Q2_varying_Q3_at_mean",0.00555234951238385
"1070",100007,94.8148148,"Q2_varying_Q3_at_mean",0.00587747819915049
"1071",100007,95.1851852,"Q2_varying_Q3_at_mean",0.00620468236764795
"1072",100007,95.5555556,"Q2_varying_Q3_at_mean",0.00661604149200251
"1073",100007,95.9259259,"Q2_varying_Q3_at_mean",0.00708670249976818
"1074",100007,96.2962963,"Q2_varying_Q3_at_mean",0.00757953538320188
"1075",100007,96.6666667,"Q2_varying_Q3_at_mean",0.00833805759369336
"1076",100007,97.037037,"Q2_varying_Q3_at_mean",0.00903158577806504
"1077",100007,97.4074074,"Q2_varying_Q3_at_mean",0.00984476070902712
"1078",100007,97.7777778,"Q2_varying_Q3_at_mean",0.010899001950325
"1079",100007,98.1481481,"Q2_varying_Q3_at_mean",0.0120011727784722
"1080",100007,98.5185185,"Q2_varying_Q3_at_mean",0.01340711489248
"1081",100007,98.8888889,"Q2_varying_Q3_at_mean",0.0148026089007954
"1082",100007,99.2592593,"Q2_varying_Q3_at_mean",0.0170668497665383
"1083",100007,99.6296296,"Q2_varying_Q3_at_mean",0.0225811898806292
"1084",100007,100,"Q2_varying_Q3_at_mean",0.0225811898806292
"1085",100007,0,"Q3_varying_Q2_at_mean",0.000119699225896085
"1086",100007,0.3703704,"Q3_varying_Q2_at_mean",0.000142668963838768
"1087",100007,0.7407407,"Q3_varying_Q2_at_mean",0.000162352024066662
"1088",100007,1.1111111,"Q3_varying_Q2_at_mean",0.00017819765326017
"1089",100007,1.4814815,"Q3_varying_Q2_at_mean",0.000191399499247195
"1090",100007,1.8518519,"Q3_varying_Q2_at_mean",0.000206039850314386
"1091",100007,2.2222222,"Q3_varying_Q2_at_mean",0.000217350303596801
"1092",100007,2.5925926,"Q3_varying_Q2_at_mean",0.000227303111656152
"1093",100007,2.962963,"Q3_varying_Q2_at_mean",0.000236419307535262
"1094",100007,3.3333333,"Q3_varying_Q2_at_mean",0.000247380940042889
"1095",100007,3.7037037,"Q3_varying_Q2_at_mean",0.000256429660230087
"1096",100007,4.0740741,"Q3_varying_Q2_at_mean",0.000265400408556383
"1097",100007,4.4444444,"Q3_varying_Q2_at_mean",0.000275030576274068
"1098",100007,4.8148148,"Q3_varying_Q2_at_mean",0.000282689884924418
"1099",100007,5.1851852,"Q3_varying_Q2_at_mean",0.000290645431607501
"1100",100007,5.5555556,"Q3_varying_Q2_at_mean",0.000298564254610609
"1101",100007,5.9259259,"Q3_varying_Q2_at_mean",0.000307455638392972
"1102",100007,6.2962963,"Q3_varying_Q2_at_mean",0.000315332617507329
"1103",100007,6.6666667,"Q3_varying_Q2_at_mean",0.000322910880904003
"1104",100007,7.037037,"Q3_varying_Q2_at_mean",0.000329613679807485
"1105",100007,7.4074074,"Q3_varying_Q2_at_mean",0.000338017303832899
"1106",100007,7.7777778,"Q3_varying_Q2_at_mean",0.000345509144352292
"1107",100007,8.1481481,"Q3_varying_Q2_at_mean",0.000352510573587871
"1108",100007,8.5185185,"Q3_varying_Q2_at_mean",0.000359974121727982
"1109",100007,8.8888889,"Q3_varying_Q2_at_mean",0.000366648871738567
"1110",100007,9.2592593,"Q3_varying_Q2_at_mean",0.000373558069616335
"1111",100007,9.6296296,"Q3_varying_Q2_at_mean",0.00038087293941087
"1112",100007,10,"Q3_varying_Q2_at_mean",0.000388780647946312
"1113",100007,10.3703704,"Q3_varying_Q2_at_mean",0.000395996772897719
"1114",100007,10.7407407,"Q3_varying_Q2_at_mean",0.000402856490459652
"1115",100007,11.1111111,"Q3_varying_Q2_at_mean",0.000409067844039527
"1116",100007,11.4814815,"Q3_varying_Q2_at_mean",0.000416205034211025
"1117",100007,11.8518519,"Q3_varying_Q2_at_mean",0.000422921903914617
"1118",100007,12.2222222,"Q3_varying_Q2_at_mean",0.000428880897218745
"1119",100007,12.5925926,"Q3_varying_Q2_at_mean",0.000435658265921151
"1120",100007,12.962963,"Q3_varying_Q2_at_mean",0.000441688254884814
"1121",100007,13.3333333,"Q3_varying_Q2_at_mean",0.000449115622686517
"1122",100007,13.7037037,"Q3_varying_Q2_at_mean",0.000455653680969498
"1123",100007,14.0740741,"Q3_varying_Q2_at_mean",0.000461604025437802
"1124",100007,14.4444444,"Q3_varying_Q2_at_mean",0.00046741414808716
"1125",100007,14.8148148,"Q3_varying_Q2_at_mean",0.000474102906954858
"1126",100007,15.1851852,"Q3_varying_Q2_at_mean",0.000480667380637571
"1127",100007,15.5555556,"Q3_varying_Q2_at_mean",0.000487615480732661
"1128",100007,15.9259259,"Q3_varying_Q2_at_mean",0.000493752097521778
"1129",100007,16.2962963,"Q3_varying_Q2_at_mean",0.000499717878441734
"1130",100007,16.6666667,"Q3_varying_Q2_at_mean",0.000506478873978276
"1131",100007,17.037037,"Q3_varying_Q2_at_mean",0.000512825311977788
"1132",100007,17.4074074,"Q3_varying_Q2_at_mean",0.000519350661353685
"1133",100007,17.7777778,"Q3_varying_Q2_at_mean",0.000525786530049223
"1134",100007,18.1481481,"Q3_varying_Q2_at_mean",0.000532153610837744
"1135",100007,18.5185185,"Q3_varying_Q2_at_mean",0.000538585841957901
"1136",100007,18.8888889,"Q3_varying_Q2_at_mean",0.000544690075276123
"1137",100007,19.2592593,"Q3_varying_Q2_at_mean",0.000550518746440799
"1138",100007,19.6296296,"Q3_varying_Q2_at_mean",0.000556751894875265
"1139",100007,20,"Q3_varying_Q2_at_mean",0.000563155209035313
"1140",100007,20.3703704,"Q3_varying_Q2_at_mean",0.000570027651452791
"1141",100007,20.7407407,"Q3_varying_Q2_at_mean",0.00057611948597849
"1142",100007,21.1111111,"Q3_varying_Q2_at_mean",0.000582351992530196
"1143",100007,21.4814815,"Q3_varying_Q2_at_mean",0.000588293136715682
"1144",100007,21.8518519,"Q3_varying_Q2_at_mean",0.000594636251323041
"1145",100007,22.2222222,"Q3_varying_Q2_at_mean",0.000601478861306887
"1146",100007,22.5925926,"Q3_varying_Q2_at_mean",0.000607482771454298
"1147",100007,22.962963,"Q3_varying_Q2_at_mean",0.000613114461460376
"1148",100007,23.3333333,"Q3_varying_Q2_at_mean",0.00061928705667543
"1149",100007,23.7037037,"Q3_varying_Q2_at_mean",0.000625228277088003
"1150",100007,24.0740741,"Q3_varying_Q2_at_mean",0.000630933662358154
"1151",100007,24.4444444,"Q3_varying_Q2_at_mean",0.000637201149562158
"1152",100007,24.8148148,"Q3_varying_Q2_at_mean",0.000643355085172353
"1153",100007,25.1851852,"Q3_varying_Q2_at_mean",0.000649324139199056
"1154",100007,25.5555556,"Q3_varying_Q2_at_mean",0.000656194651861091
"1155",100007,25.9259259,"Q3_varying_Q2_at_mean",0.000662615165484143
"1156",100007,26.2962963,"Q3_varying_Q2_at_mean",0.000668856401820218
"1157",100007,26.6666667,"Q3_varying_Q2_at_mean",0.000675113213724656
"1158",100007,27.037037,"Q3_varying_Q2_at_mean",0.00068161343424432
"1159",100007,27.4074074,"Q3_varying_Q2_at_mean",0.000688662814797294
"1160",100007,27.7777778,"Q3_varying_Q2_at_mean",0.000694860717332399
"1161",100007,28.1481481,"Q3_varying_Q2_at_mean",0.000701255737835823
"1162",100007,28.5185185,"Q3_varying_Q2_at_mean",0.000707789689724333
"1163",100007,28.8888889,"Q3_varying_Q2_at_mean",0.000713674538879566
"1164",100007,29.2592593,"Q3_varying_Q2_at_mean",0.000719917816698364
"1165",100007,29.6296296,"Q3_varying_Q2_at_mean",0.000726209571882078
"1166",100007,30,"Q3_varying_Q2_at_mean",0.000733145903281287
"1167",100007,30.3703704,"Q3_varying_Q2_at_mean",0.000740051106183224
"1168",100007,30.7407407,"Q3_varying_Q2_at_mean",0.000746208939887788
"1169",100007,31.1111111,"Q3_varying_Q2_at_mean",0.000753336276920341
"1170",100007,31.4814815,"Q3_varying_Q2_at_mean",0.000759597904833533
"1171",100007,31.8518519,"Q3_varying_Q2_at_mean",0.000766253213317703
"1172",100007,32.2222222,"Q3_varying_Q2_at_mean",0.00077251917179053
"1173",100007,32.5925926,"Q3_varying_Q2_at_mean",0.000779577206142819
"1174",100007,32.962963,"Q3_varying_Q2_at_mean",0.000786723247428973
"1175",100007,33.3333333,"Q3_varying_Q2_at_mean",0.000792669667745768
"1176",100007,33.7037037,"Q3_varying_Q2_at_mean",0.000798981401293926
"1177",100007,34.0740741,"Q3_varying_Q2_at_mean",0.000805362023512182
"1178",100007,34.4444444,"Q3_varying_Q2_at_mean",0.000811875867844014
"1179",100007,34.8148148,"Q3_varying_Q2_at_mean",0.000818791752394737
"1180",100007,35.1851852,"Q3_varying_Q2_at_mean",0.00082582388200585
"1181",100007,35.5555556,"Q3_varying_Q2_at_mean",0.000832238291163145
"1182",100007,35.9259259,"Q3_varying_Q2_at_mean",0.000839163222196856
"1183",100007,36.2962963,"Q3_varying_Q2_at_mean",0.000845717572736155
"1184",100007,36.6666667,"Q3_varying_Q2_at_mean",0.000853052941574611
"1185",100007,37.037037,"Q3_varying_Q2_at_mean",0.000859610605567767
"1186",100007,37.4074074,"Q3_varying_Q2_at_mean",0.000866839821372788
"1187",100007,37.7777778,"Q3_varying_Q2_at_mean",0.000873755496008859
"1188",100007,38.1481481,"Q3_varying_Q2_at_mean",0.000880937704179766
"1189",100007,38.5185185,"Q3_varying_Q2_at_mean",0.000888114677769097
"1190",100007,38.8888889,"Q3_varying_Q2_at_mean",0.00089506600748808
"1191",100007,39.2592593,"Q3_varying_Q2_at_mean",0.000901237130470208
"1192",100007,39.6296296,"Q3_varying_Q2_at_mean",0.000908163737576525
"1193",100007,40,"Q3_varying_Q2_at_mean",0.000915516668906505
"1194",100007,40.3703704,"Q3_varying_Q2_at_mean",0.000922662510505601
"1195",100007,40.7407407,"Q3_varying_Q2_at_mean",0.000929829997537201
"1196",100007,41.1111111,"Q3_varying_Q2_at_mean",0.000936693042486883
"1197",100007,41.4814815,"Q3_varying_Q2_at_mean",0.000943459481379971
"1198",100007,41.8518519,"Q3_varying_Q2_at_mean",0.000950952530523043
"1199",100007,42.2222222,"Q3_varying_Q2_at_mean",0.000958045750653704
"1200",100007,42.5925926,"Q3_varying_Q2_at_mean",0.000965179490580698
"1201",100007,42.962963,"Q3_varying_Q2_at_mean",0.000972128725124328
"1202",100007,43.3333333,"Q3_varying_Q2_at_mean",0.000979656857936072
"1203",100007,43.7037037,"Q3_varying_Q2_at_mean",0.00098714654777981
"1204",100007,44.0740741,"Q3_varying_Q2_at_mean",0.000994715031910682
"1205",100007,44.4444444,"Q3_varying_Q2_at_mean",0.00100177681155173
"1206",100007,44.8148148,"Q3_varying_Q2_at_mean",0.00100958786573109
"1207",100007,45.1851852,"Q3_varying_Q2_at_mean",0.00101702321867025
"1208",100007,45.5555556,"Q3_varying_Q2_at_mean",0.00102387302580379
"1209",100007,45.9259259,"Q3_varying_Q2_at_mean",0.00103085252562987
"1210",100007,46.2962963,"Q3_varying_Q2_at_mean",0.00103844727080616
"1211",100007,46.6666667,"Q3_varying_Q2_at_mean",0.00104602261704889
"1212",100007,47.037037,"Q3_varying_Q2_at_mean",0.00105362313696563
"1213",100007,47.4074074,"Q3_varying_Q2_at_mean",0.00106206725457205
"1214",100007,47.7777778,"Q3_varying_Q2_at_mean",0.00106989696416365
"1215",100007,48.1481481,"Q3_varying_Q2_at_mean",0.00107692550380134
"1216",100007,48.5185185,"Q3_varying_Q2_at_mean",0.00108469605741045
"1217",100007,48.8888889,"Q3_varying_Q2_at_mean",0.00109305960816606
"1218",100007,49.2592593,"Q3_varying_Q2_at_mean",0.00110022995931627
"1219",100007,49.6296296,"Q3_varying_Q2_at_mean",0.001108478610081
"1220",100007,50,"Q3_varying_Q2_at_mean",0.00111665843818638
"1221",100007,50.3703704,"Q3_varying_Q2_at_mean",0.00112470272155613
"1222",100007,50.7407407,"Q3_varying_Q2_at_mean",0.00113242752439515
"1223",100007,51.1111111,"Q3_varying_Q2_at_mean",0.00114013548948893
"1224",100007,51.4814815,"Q3_varying_Q2_at_mean",0.00114745867511783
"1225",100007,51.8518519,"Q3_varying_Q2_at_mean",0.00115576052212981
"1226",100007,52.2222222,"Q3_varying_Q2_at_mean",0.001164079550252
"1227",100007,52.5925926,"Q3_varying_Q2_at_mean",0.00117269276882623
"1228",100007,52.962963,"Q3_varying_Q2_at_mean",0.00118057817009312
"1229",100007,53.3333333,"Q3_varying_Q2_at_mean",0.00118842006110246
"1230",100007,53.7037037,"Q3_varying_Q2_at_mean",0.0011968074575746
"1231",100007,54.0740741,"Q3_varying_Q2_at_mean",0.00120576585061044
"1232",100007,54.4444444,"Q3_varying_Q2_at_mean",0.00121343853839515
"1233",100007,54.8148148,"Q3_varying_Q2_at_mean",0.00122233346468901
"1234",100007,55.1851852,"Q3_varying_Q2_at_mean",0.00123083060035154
"1235",100007,55.5555556,"Q3_varying_Q2_at_mean",0.00123954629603845
"1236",100007,55.9259259,"Q3_varying_Q2_at_mean",0.00124890493741757
"1237",100007,56.2962963,"Q3_varying_Q2_at_mean",0.00125738842177159
"1238",100007,56.6666667,"Q3_varying_Q2_at_mean",0.00126660540534131
"1239",100007,57.037037,"Q3_varying_Q2_at_mean",0.00127546498275313
"1240",100007,57.4074074,"Q3_varying_Q2_at_mean",0.00128477474474407
"1241",100007,57.7777778,"Q3_varying_Q2_at_mean",0.00129366895891282
"1242",100007,58.1481481,"Q3_varying_Q2_at_mean",0.00130292397308289
"1243",100007,58.5185185,"Q3_varying_Q2_at_mean",0.00131260154962108
"1244",100007,58.8888889,"Q3_varying_Q2_at_mean",0.00132234382591093
"1245",100007,59.2592593,"Q3_varying_Q2_at_mean",0.0013323346554008
"1246",100007,59.6296296,"Q3_varying_Q2_at_mean",0.00134131857079904
"1247",100007,60,"Q3_varying_Q2_at_mean",0.00135058369982198
"1248",100007,60.3703704,"Q3_varying_Q2_at_mean",0.00136008884675965
"1249",100007,60.7407407,"Q3_varying_Q2_at_mean",0.0013697242666599
"1250",100007,61.1111111,"Q3_varying_Q2_at_mean",0.0013794866905395
"1251",100007,61.4814815,"Q3_varying_Q2_at_mean",0.00138901785720897
"1252",100007,61.8518519,"Q3_varying_Q2_at_mean",0.00139931610557369
"1253",100007,62.2222222,"Q3_varying_Q2_at_mean",0.00140959932913665
"1254",100007,62.5925926,"Q3_varying_Q2_at_mean",0.00142030094460275
"1255",100007,62.962963,"Q3_varying_Q2_at_mean",0.00143045676988722
"1256",100007,63.3333333,"Q3_varying_Q2_at_mean",0.00144104356230104
"1257",100007,63.7037037,"Q3_varying_Q2_at_mean",0.00145108336443033
"1258",100007,64.0740741,"Q3_varying_Q2_at_mean",0.00146140542229299
"1259",100007,64.4444444,"Q3_varying_Q2_at_mean",0.00147169959812052
"1260",100007,64.8148148,"Q3_varying_Q2_at_mean",0.00148273043291133
"1261",100007,65.1851852,"Q3_varying_Q2_at_mean",0.00149321608412345
"1262",100007,65.5555556,"Q3_varying_Q2_at_mean",0.00150415339647509
"1263",100007,65.9259259,"Q3_varying_Q2_at_mean",0.00151571760988224
"1264",100007,66.2962963,"Q3_varying_Q2_at_mean",0.00152703833214585
"1265",100007,66.6666667,"Q3_varying_Q2_at_mean",0.0015379120107042
"1266",100007,67.037037,"Q3_varying_Q2_at_mean",0.00154943508011712
"1267",100007,67.4074074,"Q3_varying_Q2_at_mean",0.00156093144468651
"1268",100007,67.7777778,"Q3_varying_Q2_at_mean",0.00157265118090636
"1269",100007,68.1481481,"Q3_varying_Q2_at_mean",0.0015838126572742
"1270",100007,68.5185185,"Q3_varying_Q2_at_mean",0.00159557880412925
"1271",100007,68.8888889,"Q3_varying_Q2_at_mean",0.00160712261045811
"1272",100007,69.2592593,"Q3_varying_Q2_at_mean",0.00161856400612888
"1273",100007,69.6296296,"Q3_varying_Q2_at_mean",0.00163024064021471
"1274",100007,70,"Q3_varying_Q2_at_mean",0.00164261858901458
"1275",100007,70.3703704,"Q3_varying_Q2_at_mean",0.00165450343092637
"1276",100007,70.7407407,"Q3_varying_Q2_at_mean",0.00166700215872647
"1277",100007,71.1111111,"Q3_varying_Q2_at_mean",0.00168038159268542
"1278",100007,71.4814815,"Q3_varying_Q2_at_mean",0.00169323406607681
"1279",100007,71.8518519,"Q3_varying_Q2_at_mean",0.00170565109090524
"1280",100007,72.2222222,"Q3_varying_Q2_at_mean",0.00171886003575759
"1281",100007,72.5925926,"Q3_varying_Q2_at_mean",0.00173208888579584
"1282",100007,72.962963,"Q3_varying_Q2_at_mean",0.0017452208008526
"1283",100007,73.3333333,"Q3_varying_Q2_at_mean",0.0017579447894036
"1284",100007,73.7037037,"Q3_varying_Q2_at_mean",0.00177138493047785
"1285",100007,74.0740741,"Q3_varying_Q2_at_mean",0.00178582737042961
"1286",100007,74.4444444,"Q3_varying_Q2_at_mean",0.00179848238462745
"1287",100007,74.8148148,"Q3_varying_Q2_at_mean",0.00181238170303384
"1288",100007,75.1851852,"Q3_varying_Q2_at_mean",0.00182685829494361
"1289",100007,75.5555556,"Q3_varying_Q2_at_mean",0.00183983252313735
"1290",100007,75.9259259,"Q3_varying_Q2_at_mean",0.00185473442272659
"1291",100007,76.2962963,"Q3_varying_Q2_at_mean",0.0018701216330328
"1292",100007,76.6666667,"Q3_varying_Q2_at_mean",0.00188391365977638
"1293",100007,77.037037,"Q3_varying_Q2_at_mean",0.00189857385700334
"1294",100007,77.4074074,"Q3_varying_Q2_at_mean",0.0019149871992612
"1295",100007,77.7777778,"Q3_varying_Q2_at_mean",0.00193036272326563
"1296",100007,78.1481481,"Q3_varying_Q2_at_mean",0.00194624020452461
"1297",100007,78.5185185,"Q3_varying_Q2_at_mean",0.00196269164281153
"1298",100007,78.8888889,"Q3_varying_Q2_at_mean",0.00197836540143214
"1299",100007,79.2592593,"Q3_varying_Q2_at_mean",0.00199431193601131
"1300",100007,79.6296296,"Q3_varying_Q2_at_mean",0.00201047708051873
"1301",100007,80,"Q3_varying_Q2_at_mean",0.00202783089537127
"1302",100007,80.3703704,"Q3_varying_Q2_at_mean",0.00204543021835445
"1303",100007,80.7407407,"Q3_varying_Q2_at_mean",0.00206166392376828
"1304",100007,81.1111111,"Q3_varying_Q2_at_mean",0.00207695979645444
"1305",100007,81.4814815,"Q3_varying_Q2_at_mean",0.00209573863895305
"1306",100007,81.8518519,"Q3_varying_Q2_at_mean",0.0021140953822906
"1307",100007,82.2222222,"Q3_varying_Q2_at_mean",0.00213280863771655
"1308",100007,82.5925926,"Q3_varying_Q2_at_mean",0.00215111428641769
"1309",100007,82.962963,"Q3_varying_Q2_at_mean",0.00216953889431508
"1310",100007,83.3333333,"Q3_varying_Q2_at_mean",0.00218894490458519
"1311",100007,83.7037037,"Q3_varying_Q2_at_mean",0.0022078791555019
"1312",100007,84.0740741,"Q3_varying_Q2_at_mean",0.00222887272282999
"1313",100007,84.4444444,"Q3_varying_Q2_at_mean",0.00224927654618016
"1314",100007,84.8148148,"Q3_varying_Q2_at_mean",0.00226860459471977
"1315",100007,85.1851852,"Q3_varying_Q2_at_mean",0.00228905870522091
"1316",100007,85.5555556,"Q3_varying_Q2_at_mean",0.00231197151856207
"1317",100007,85.9259259,"Q3_varying_Q2_at_mean",0.00233443385256409
"1318",100007,86.2962963,"Q3_varying_Q2_at_mean",0.00235676802451961
"1319",100007,86.6666667,"Q3_varying_Q2_at_mean",0.00237967535209319
"1320",100007,87.037037,"Q3_varying_Q2_at_mean",0.00240398812830808
"1321",100007,87.4074074,"Q3_varying_Q2_at_mean",0.00242847517355676
"1322",100007,87.7777778,"Q3_varying_Q2_at_mean",0.0024541149306137
"1323",100007,88.1481481,"Q3_varying_Q2_at_mean",0.00247906401986298
"1324",100007,88.5185185,"Q3_varying_Q2_at_mean",0.00250408435757675
"1325",100007,88.8888889,"Q3_varying_Q2_at_mean",0.00253008595120572
"1326",100007,89.2592593,"Q3_varying_Q2_at_mean",0.00255691023068794
"1327",100007,89.6296296,"Q3_varying_Q2_at_mean",0.00258652389038424
"1328",100007,90,"Q3_varying_Q2_at_mean",0.00261331222962488
"1329",100007,90.3703704,"Q3_varying_Q2_at_mean",0.00264085077968079
"1330",100007,90.7407407,"Q3_varying_Q2_at_mean",0.00267221140857834
"1331",100007,91.1111111,"Q3_varying_Q2_at_mean",0.00270179310470696
"1332",100007,91.4814815,"Q3_varying_Q2_at_mean",0.00273287060511269
"1333",100007,91.8518519,"Q3_varying_Q2_at_mean",0.00276498941658511
"1334",100007,92.2222222,"Q3_varying_Q2_at_mean",0.00279848974703405
"1335",100007,92.5925926,"Q3_varying_Q2_at_mean",0.00283540035285359
"1336",100007,92.962963,"Q3_varying_Q2_at_mean",0.0028716621799152
"1337",100007,93.3333333,"Q3_varying_Q2_at_mean",0.00290878259180355
"1338",100007,93.7037037,"Q3_varying_Q2_at_mean",0.00295085177311367
"1339",100007,94.0740741,"Q3_varying_Q2_at_mean",0.00299298124409146
"1340",100007,94.4444444,"Q3_varying_Q2_at_mean",0.00303610828135941
"1341",100007,94.8148148,"Q3_varying_Q2_at_mean",0.00308161642112588
"1342",100007,95.1851852,"Q3_varying_Q2_at_mean",0.00312786962848637
"1343",100007,95.5555556,"Q3_varying_Q2_at_mean",0.00317827827014078
"1344",100007,95.9259259,"Q3_varying_Q2_at_mean",0.00323480856436017
"1345",100007,96.2962963,"Q3_varying_Q2_at_mean",0.00329908969271612
"1346",100007,96.6666667,"Q3_varying_Q2_at_mean",0.00337060084171727
"1347",100007,97.037037,"Q3_varying_Q2_at_mean",0.00345702508239247
"1348",100007,97.4074074,"Q3_varying_Q2_at_mean",0.00355015985671332
"1349",100007,97.7777778,"Q3_varying_Q2_at_mean",0.00366948919335746
"1350",100007,98.1481481,"Q3_varying_Q2_at_mean",0.00381029791987683
"1351",100007,98.5185185,"Q3_varying_Q2_at_mean",0.0039943261516113
"1352",100007,98.8888889,"Q3_varying_Q2_at_mean",0.00425746247753899
"1353",100007,99.2592593,"Q3_varying_Q2_at_mean",0.00458491783982489
"1354",100007,99.6296296,"Q3_varying_Q2_at_mean",0.00516608862424526
"1355",100007,100,"Q3_varying_Q2_at_mean",0.0117595502732611
